Date_Time,W9_Flow_cfs,W9_Specific_Discharge_mm.hr,ANC.Âµeq.L
1/2/2019 12:00,0.439818986,0.110717099,105.86
1/7/2019 12:25,0.331423873,0.083430436,106.34
1/15/2019 13:00,0.225477107,0.056760104,111.46
1/25/2019 13:45,0.463220063,0.116607931,76.59
1/29/2019 12:50,0.282944846,0.071226649,105.56
2/6/2019 12:00,0.341616291,0.085996208,108.14
2/12/2019 12:30,0.261101355,0.065727914,104.61
2/20/2019 13:45,0.194699255,0.049012293,112.38
2/27/2019 13:30,0.171874057,0.043266429,118.96
3/5/2019 13:15,0.149351239,0.037596685,122.6
3/13/2019 12:30,0.132047414,0.033240736,119.84
3/19/2019 10:00,0.176702464,0.0444819,119.25
3/26/2019 14:20,0.167127715,0.042071617,100.28
4/1/2019 15:30,0.482985588,0.121583572,94.91
4/8/2019 12:50,0.900287319,0.226632328,86.35
4/15/2019 9:10,3.621742142,0.911713222,62.12
4/22/2019 13:40,7.210048193,1.815009465,45.12
5/1/2019 14:40,1.125559997,0.28334097,76.77
5/8/2019 11:05,0.722559635,0.181892345,84.81
5/13/2019 13:10,0.595215335,0.14983554,95.25
5/21/2019 12:40,1.495819024,0.376547509,83.68
5/29/2019 11:50,0.886570284,0.223179293,85.94
6/4/2019 16:45,0.487933051,0.122829013,100.46
6/12/2019 15:30,0.480796669,0.121032548,104.55
6/19/2019 13:40,0.22988648,0.05787009,111.43
6/26/2019 13:20,0.449096191,0.113052481,109.04
7/3/2019 9:45,0.199303736,0.050171394,125.74
7/10/2019 12:45,0.068251869,0.01718127,142.07
7/16/2019 12:20,0.068765801,0.017310644,142.79
7/24/2019 8:30,0.040847545,0.010282689,145.76
7/30/2019 12:25,0.023013516,0.005793269,156.89
8/6/2019 8:10,0.012479132,0.003141414,158.76
8/13/2019 10:15,0.044969153,0.011320235,150.81
8/20/2019 12:15,0.01786307,0.00449673,150.99
8/27/2019 11:50,0.014835584,0.003734611,159.99
9/3/2019 13:00,0.071715735,0.018053241,138.16
9/10/2019 12:30,0.020546705,0.005172291,148.24
9/17/2019 12:10,0.019873294,0.005002771,157.88
9/24/2019 12:00,0.105273515,0.026500853,132.9
10/1/2019 12:40,0.06874599,0.017305657,143.01
10/8/2019 13:40,0.355808518,0.089568864,112.05
10/15/2019 11:00,0.144217423,0.036304333,133.2
10/21/2019 13:15,0.207425652,0.052215951,120.93
10/28/2019 11:50,0.452684296,0.113955727,110.57
11/4/2019 11:10,0.584216817,0.147066847,108.71
11/13/2019 13:20,0.330121566,0.083102602,112.47
11/18/2019 13:00,0.268524064,0.067596458,121.07
11/26/2019 12:50,0.244464403,0.061539839,122.63
12/3/2019 14:30,0.265054025,0.066722933,110.9
12/11/2019 11:55,0.370176805,0.093185841,101.59
12/18/2019 13:00,0.442695407,0.11144119,102.66
12/23/2019 13:30,0.332729337,0.083759065,102.98
1/2/2020 14:40,0.248812669,0.062634443,114.5
1/8/2020 11:30,0.213371484,0.053712715,116.09
1/13/2020 11:30,0.614251128,0.154627484,87.45
1/22/2020 13:30,0.291902826,0.073481671,111.24
1/29/2020 13:15,0.228922139,0.057627333,109.28
2/5/2020 13:15,0.186607585,0.046975349,114.64
2/11/2020 11:10,0.173863714,0.043767292,92.86
2/17/2020 16:45,0.152161506,0.038304123,116.19
2/24/2020 11:30,0.128449338,0.03233498,119.49
3/2/2020 12:45,0.170373531,0.042888697,118.48
3/11/2020 11:45,0.667052905,0.167919451,91.04
3/16/2020 12:05,0.476980774,0.12007196,105.31
3/24/2020 13:40,0.442435758,0.111375828,100.92
3/31/2020 12:00,0.791917342,0.199351992,96.76
4/7/2020 14:30,1.716051399,0.431987339,77.16
4/15/2020 14:30,1.68750056,0.424800141,83.46
4/23/2020 14:45,1.125186465,0.283246939,85.71
4/28/2020 13:15,0.927760368,0.23354821,80.63
5/6/2020 12:30,0.565913881,0.142459388,95.94
5/12/2020 14:00,1.137330532,0.286304006,88.57
5/19/2020 13:20,0.490095811,0.123373452,99.48
5/27/2020 13:20,0.240163222,0.060457088,113.73
6/2/2020 15:15,0.223709756,0.056315203,113.38
6/9/2020 13:10,0.121935183,0.03069515,131.52
6/16/2020 14:30,0.060641526,0.015265494,134.14
6/22/2020 11:20,0.034964016,0.008801608,142.24
7/1/2020 14:00,0.599118143,0.150818007,120.07
7/7/2020 12:00,0.011529334,0.002902318,158.67
7/13/2020 12:40,-99,-24.9216,133.13
7/21/2020 14:30,-99,-24.9216,139.59
7/28/2020 14:50,-99,-24.9216,150.36
8/3/2020 12:10,-99,-24.9216,167.67
8/12/2020 14:55,-99,-24.9216,150.63
8/19/2020 14:00,-99,-24.9216,153.81
8/26/2020 14:00,-99,-24.9216,156.7
9/1/2020 12:30,-99,-24.9216,160.58
9/8/2020 14:20,-99,-24.9216,161.18
9/14/2020 12:40,-99,-24.9216,172.78
9/22/2020 17:00,0.005023454,0.001264571,170
9/28/2020 13:00,0.014418754,0.003629681,171.82
10/6/2020 13:55,0.026441914,0.006656311,143.98
10/14/2020 12:30,0.227540268,0.05727947,110.62
10/19/2020 12:00,0.158706531,0.039951724,110.77
10/27/2020 12:30,0.175818444,0.044259363,117.54
11/4/2020 14:50,0.124060426,0.031230144,111.63
11/10/2020 15:20,0.127652865,0.032134481,118.84
11/17/2020 13:30,0.220166901,0.055423348,111.88
11/24/2020 14:15,0.270115844,0.067997162,104.22
12/1/2020 12:30,0.712491831,0.179357944,86.7
12/8/2020 15:20,0.330121566,0.083102602,100.81
12/15/2020 13:30,0.278237346,0.070041615,113.95
12/22/2020 15:40,0.222687477,0.056057861,109.59
12/28/2020 15:30,0.548679179,0.138120839,94.81
1/5/2021 16:15,0.345772335,0.087042422,100.1
1/12/2021 15:45,0.246632638,0.062085656,109.83
1/19/2021 13:40,0.250236027,0.062992749,109.08
1/26/2021 17:40,0.160369357,0.040370313,113.88
2/3/2021 12:10,0.138049888,0.034751759,116.65
2/10/2021 16:30,0.1233495,0.031051181,118.96
2/17/2021 13:50,0.097345551,0.02450512,115.19
2/24/2021 14:15,0.099403597,0.025023199,122.96
3/3/2021 13:45,0.115013436,0.028952716,119.34
3/9/2021 15:10,0.083486034,0.021016218,121.98
3/16/2021 13:10,0.175818444,0.044259363,109.1
3/23/2021 15:00,0.970107684,0.244208441,76.5
3/29/2021 12:15,1.154115929,0.29052945,86.28
4/5/2021 14:30,0.663203225,0.166950358,90.06
4/12/2021 12:10,0.432126558,0.108780659,105.44
4/19/2021 13:40,0.492911582,0.124082276,100.68
4/26/2021 12:10,0.450791077,0.113479141,97.6
5/3/2021 12:35,0.932682109,0.234787176,91.3
5/11/2021 14:30,0.537371123,0.135274224,106.06
5/18/2021 13:55,0.307216639,0.077336668,113.21
5/25/2021 13:15,0.172309604,0.043376071,122.46
6/1/2021 13:40,0.198672083,0.050012386,121.58
6/9/2021 13:15,0.051014141,0.01284196,147.13
6/16/2021 12:30,0.04070815,0.010247598,139.62
6/23/2021 13:45,0.037927876,0.009547711,NAN
6/29/2021 9:30,0.017647814,0.004442543,158.99
7/6/2021 11:00,0.045265468,0.011394827,149.43
7/13/2021 10:05,0.227954289,0.057383693,138.94
7/19/2021 11:15,0.804666794,0.202561454,114.15
7/26/2021 11:30,0.125131534,0.031499778,140.3
8/2/2021 9:15,0.378041153,0.095165559,121.05
8/9/2021 11:15,0.064550588,0.016249535,149.65
8/17/2021 10:30,0.0406054,0.010221733,155.45
8/24/2021 10:00,0.033559867,0.008448137,160.8
8/31/2021 12:30,0.044726865,0.011259243,161.78
9/7/2021 10:30,0.051894603,0.013063601,153.62
9/13/2021 11:00,0.040593463,0.010218728,164.58
9/21/2021 10:00,0.021287425,0.005358754,163.44
9/28/2021 11:45,0.047043423,0.011842398,156.87
10/5/2021 10:00,0.091991021,0.023157206,149.16
10/12/2021 10:00,0.047831659,0.012040823,162.19
10/19/2021 10:30,0.187218605,0.047129164,134.35
10/27/2021 10:00,0.148952402,0.037496285,138.68
11/2/2021 10:30,0.401187657,0.100992306,123.04
11/9/2021 10:15,0.231701348,0.058326953,121.73
11/29/2021 11:15,0.33798282,0.085081542,123.33
12/7/2021 10:45,0.54442167,0.137049082,98.87
12/14/2021 10:45,0.312219163,0.078595971,115.55
12/21/2021 10:00,0.289748846,0.072939443,113.12
12/27/2021 13:30,0.205199464,0.051655545,114.27
1/4/2022 17:10,0.175818444,0.044259363,124.58
1/10/2022 10:30,0.127652865,0.032134481,129.84
1/18/2022 11:15,0.076877196,0.019352553,108.1
1/24/2022 11:00,0.061177808,0.015400494,128.42
2/1/2022 9:15,0.041024565,0.010327251,109.81
2/8/2022 10:50,0.043803649,0.011026839,127.57
2/12/2022 11:15,0.041749309,0.010509693,121.63
2/21/2022 10:20,0.098502281,0.024796308,90.42
3/1/2022 11:00,0.118000718,0.029704714,105.72
3/9/2022 12:00,0.155412814,0.039122586,116.49
3/14/2022 11:30,0.115194792,0.028998369,114.41
3/22/2022 12:30,0.49959808,0.12576549,94.41
3/29/2022 9:30,0.53386704,0.13439213,106.13
4/4/2022 12:00,0.687803639,0.173143103,101.85
4/12/2022 11:15,1.290886875,0.324959256,84.2
4/20/2022 13:45,0.977701772,0.246120126,95.71
4/25/2022 10:00,0.677126341,0.170455271,95.97
5/3/2022 9:15,0.43746074,0.11012345,101.55
5/10/2022 9:30,0.299428822,0.075376216,110.98
5/17/2022 11:15,0.689337366,0.173529193,105.83
5/24/2022 10:30,0.330749872,0.083260768,116.45
5/31/2022 12:30,0.171222008,0.043102287,136.95
6/7/2022 10:30,0.176702464,0.0444819,125.77
6/14/2022 9:45,0.187708308,0.047252438,126.99
6/21/2022 10:00,0.103903308,0.026155926,134.64
6/29/2022 9:45,0.080724106,0.020320948,140.95
7/6/2022 9:30,0.104451529,0.026293932,138.77
7/11/2022 10:15,0.025214928,0.006347438,154.77
7/18/2022 11:45,0.014527217,0.003656985,165.07
7/26/2022 14:00,0.039417322,0.009922654,155.31
8/2/2022 10:15,0.00911677,0.002294995,165.62
8/9/2022 13:30,0.011581519,0.002915454,171.01
8/16/2022 10:45,0.004269657,0.001074815,172.79
8/24/2022 11:15,0.038375946,0.009660505,160.72
8/30/2022 9:15,0.007955677,0.002002709,177.4
9/7/2022 10:15,0.05655282,0.01423623,146.93
9/12/2022 11:45,0.010931182,0.002751743,163.16
9/20/2022 13:00,0.239409063,0.060267242,115.8
9/26/2022 11:45,0.15127203,0.038080212,124.3
10/4/2022 11:15,0.04,0.010069333,147.01
10/11/2022 12:30,0.04,0.010069333,142.63
10/17/2022 12:10,0.16,0.040277333,126.39
10/25/2022 12:30,0.15,0.03776,125.08
11/1/2022 10:45,0.17,0.042794667,125.8
11/7/2022 12:00,0.28,0.070485333,128.03
11/14/2022 10:45,0.26,0.065450667,125.2
11/21/2022 13:45,0.2,0.050346667,124.88
11/27/2022 13:45,0.2,0.050346667,123.73
12/6/2022 9:45,0.36,0.090624,108.74
12/14/2022 11:15,0.39,0.098176,111.83
12/21/2022 14:30,0.27,0.067968,121.54
12/28/2022 14:15,0.37,0.093141333,108.13
1/2/2023 10:30,0.62,0.156074667,90.12
1/10/2023 10:30,0.46,0.115797333,103.85
1/17/2023 10:45,0.35,0.088106667,107.21
1/25/2023 9:30,0.24,0.060416,118.3
1/31/2023 10:45,0.2,0.050346667,110.02
2/8/2023 10:30,0.15,0.03776,119.34
2/13/2023 11:30,0.2,0.050346667,114.27
2/21/2023 10:00,0.2,0.050346667,105.17
2/27/2023 9:45,0.14,0.035242667,115.41
3/8/2023 11:30,0.12,0.030208,121.3
3/13/2023 10:00,0.12,0.030208,116.67
3/22/2023 10:30,0.1,0.025173333,114.56
3/27/2023 9:45,0.2,0.050346667,104.7
4/3/2023 10:30,0.28,0.070485333,115.75
4/12/2023 8:45,1.17,0.294528,79.35
4/16/2023 11:00,1.88,0.473258667,75.72
4/26/2023 10:15,0.92,0.231594667,86.7
5/1/2023 11:00,2.13,0.536192,71.35
5/8/2023 10:15,0.5,0.125866667,105.74
5/16/2023 11:30,0.26,0.065450667,113.14
5/23/2023 11:15,0.22,0.055381333,109.85
5/30/2023 11:00,0.12,0.030208,125.88
6/5/2023 13:15,0.08,0.020138667,128.06
6/12/2023 10:00,0.12,0.030208,126.7
6/21/2023 9:30,0.23,0.057898667,120.31
6/26/2023 9:30,0.22,0.055381333,124.42
7/5/2023 10:45,1.03,0.259285333,95.57
7/13/2023 15:20,1.32,0.332288,88.45
7/17/2023 12:40,2.12,0.533674667,79.52
7/24/2023 9:45,0.94,0.236629333,NAN
8/1/2023 10:45,0.31,0.078037333,117.16
8/7/2023 11:15,0.18,0.045312,130.2
8/15/2023 10:45,0.31,0.078037333,128.15
8/21/2023 10:00,0.36,0.090624,128.88
8/28/2023 12:00,0.21,0.052864,128.82
9/5/2023 9:30,0.15,0.03776,144.31
9/12/2023 13:15,0.21,0.052864,127.47
9/20/2023 12:00,0.32,0.080554667,NAN
9/26/2023 9:45,0.11,0.027690667,146.07
10/4/2023 12:15,0.07,0.017621333,157.46
10/10/2023 10:00,0.1,0.025173333,140.91
10/24/2023 12:45,0.28,0.070485333,123.58
11/8/2023 15:30,0.26,0.065450667,128.88
11/21/2023 14:00,0.22,0.055381333,126.78
12/6/2023 12:45,0.23,0.057898667,119.67
12/17/2023 11:15,0.31,0.078037333,115.46
1/2/2024 12:30,0.49,0.123349333,102.61
1/2/2024 12:30,0.49,0.123349333,103.91
1/17/2024 12:30,0.27,0.067968,111.9
1/30/2024 14:00,0.18,0.045312,105.17
2/13/2024 11:00,0.14,0.035242667,NAN
2/26/2024 12:00,0.08,0.020138667,115.16
2/26/2024 12:00,0.08,0.020138667,104.53
3/12/2024 13:15,0.59,0.148522667,93.02
3/27/2024 14:15,0.82,0.206421333,78.97
4/10/2024 10:00,0.74,0.186282667,87.13
4/23/2024 10:45,0.5,0.125866667,95.8
5/7/2024 13:30,0.38,0.095658667,100.36
5/21/2024 11:45,0.2,0.050346667,113.96
6/4/2024 13:45,0.06,0.015104,135.88
6/12/2024 13:05,0.11,0.027690667,127.07
6/17/2024 12:15,0.06,0.015104,141.5
7/3/2024 11:00,0.2,0.050346667,129.11
7/9/2024 13:05,0.22,0.055381333,137.22
7/16/2024 10:00,0.77,0.193834667,106.18
7/23/2024 11:15,0.33,0.083072,118.54
7/30/2024 9:30,0.33,0.083072,126.53
8/6/2024 9:15,0.24,0.060416,134
8/22/2024 10:45,0.29,0.073002667,129.57
9/4/2024 12:45,0.07,0.017621333,148.86
9/18/2024 14:15,0.02,0.005034667,150.25
10/2/2024 10:00,0.07,0.017621333,150.76
10/16/2024 11:30,0.18,0.045312,121.49
10/29/2024 11:45,0.07,0.017621333,133.91
11/13/2024 10:45,0.08,0.020138667,135.22
11/24/2024 11:15,0.15,0.03776,123.22
12/9/2024 11:30,0.09,0.022656,126.79
12/18/2024 10:15,0.58,0.146005333,109.3
1/2/2025 13:45,0.59,0.148522667,102.27
1/14/2025 11:15,0.28,0.070485333,125.57
1/27/2025 11:50,NA,NA,114.94
2/11/2025 15:30,0.13,0.032725333,118.07
2/25/2025 11:30,0.09,0.022656,120.26
3/11/2025 11:45,0.2,0.050346667,107.84
3/25/2025 12:30,0.77,0.193834667,91.2
4/7/2025 13:50,0.77,0.193834667,90.58
4/22/2025 12:45,0.96,0.241664,90.43
4/8/2019 12:51,0.900245974,0.22662192,NAN
4/13/2019 11:52,1.372508193,0.345506063,NAN
4/13/2019 14:51,2.611533102,0.657409933,NAN
4/15/2019 2:19,2.07879403,0.52330175,NAN
4/15/2019 2:54,3.483042529,0.876797906,NAN
4/15/2019 5:17,4.537789765,1.142312943,NAN
4/15/2019 9:11,3.619573488,0.911167299,NAN
4/19/2019 14:39,3.148801426,0.792658279,NAN
4/19/2019 22:56,4.944803295,1.244771816,NAN
4/20/2019 2:14,6.982645096,1.757764525,NAN
4/20/2019 2:29,6.934246979,1.745581106,NAN
4/20/2019 3:51,9.535015062,2.400281125,NAN
4/20/2019 4:44,9.63843359,2.426315016,NAN
4/20/2019 8:23,6.796986627,1.7110281,NAN
4/20/2019 10:59,6.902217288,1.737518165,NAN
4/20/2019 12:40,9.621840471,2.422137974,NAN
4/20/2019 13:09,11.02350083,2.77498261,NAN
4/20/2019 14:22,12.38381879,3.117419984,NAN
4/20/2019 15:05,11.77580852,2.964363531,NAN
4/20/2019 16:35,10.17935744,2.562483579,NAN
4/21/2019 4:21,7.557208479,1.902401281,NAN
4/22/2019 13:41,7.212184653,1.815547283,NAN
4/27/2019 0:03,2.463685698,0.620191813,NAN
4/27/2019 1:01,3.991149958,1.004705483,NAN
4/27/2019 3:27,4.84542277,1.219754425,NAN
5/1/2019 14:41,1.125692826,0.283374408,NAN
5/8/2019 11:06,0.722559635,0.181892345,NAN
5/10/2019 3:48,0.908233381,0.228632616,NAN
5/10/2019 10:32,1.42565371,0.358884561,NAN
5/19/2019 17:28,0.54442167,0.137049082,NAN
5/19/2019 17:47,1.239152537,0.311935999,NAN
5/19/2019 18:34,1.301148313,0.327542402,NAN
5/19/2019 23:27,2.276443444,0.573056696,NAN
5/19/2019 23:40,3.865737075,0.97313488,NAN
5/20/2019 0:12,4.77596523,1.202269647,NAN
5/20/2019 1:16,6.697013407,1.685861508,NAN
5/20/2019 1:34,10.05047988,2.530040802,NAN
5/20/2019 2:38,6.695907712,1.685583168,NAN
5/20/2019 4:20,8.350791074,2.102172473,NAN
5/20/2019 4:23,11.04154207,2.779524189,NAN
5/20/2019 4:29,15.66478383,3.94334825,NAN
5/20/2019 4:31,16.87317718,4.247541134,NAN
5/20/2019 5:09,11.91954168,3.000545959,NAN
5/20/2019 6:05,7.42494713,1.869106691,NAN
5/20/2019 7:51,4.326308333,1.089076018,NAN
5/20/2019 12:59,2.225323178,0.560188021,NAN
5/28/2019 14:28,1.400191338,0.352474833,NAN
5/28/2019 17:41,1.755063789,0.441808058,NAN
6/2/2019 18:02,0.582001515,0.146509181,NAN
6/2/2019 21:53,1.078581723,0.271514972,NAN
6/4/2019 16:46,0.488043347,0.122856778,NAN
6/5/2019 21:03,0.624982771,0.157328996,NAN
6/5/2019 23:03,1.389455239,0.349772199,NAN
6/6/2019 1:03,1.797568805,0.452507987,NAN
6/11/2019 2:38,0.804459046,0.202509157,NAN
6/11/2019 4:08,1.645924819,0.414334141,NAN
6/11/2019 9:37,1.404838307,0.35364463,NAN
6/20/2019 11:43,0.385848958,0.097131044,NAN
6/20/2019 12:34,1.015701065,0.255685815,NAN
6/20/2019 13:08,1.851207334,0.466010593,NAN
6/20/2019 13:33,3.250627461,0.818291286,NAN
6/20/2019 13:48,4.983428598,1.254495092,NAN
6/20/2019 14:10,7.558229485,1.902658302,NAN
6/20/2019 14:22,9.961289756,2.507588675,NAN
6/20/2019 15:21,6.87425109,1.730478141,NAN
6/20/2019 16:17,3.831532697,0.964524498,NAN
6/20/2019 18:34,1.845699715,0.464624141,NAN
6/20/2019 21:37,1.206423177,0.303696928,NAN
6/21/2019 14:38,0.583256217,0.146825032,NAN
6/25/2019 11:57,0.396533943,0.099820811,NAN
6/25/2019 13:40,0.701682989,0.176636998,NAN
6/25/2019 14:31,1.959855205,0.493360884,NAN
6/25/2019 19:36,0.809871232,0.203871585,NAN
6/26/2019 18:34,0.402090781,0.101219653,NAN
6/26/2019 22:47,0.537766216,0.135373682,NAN
6/30/2019 9:52,0.332206772,0.083627518,NAN
6/30/2019 12:06,0.639261614,0.160923457,NAN
7/3/2019 9:46,0.199237987,0.050154843,NAN
7/6/2019 14:03,0.135478766,0.034104521,NAN
7/6/2019 17:41,0.181826807,0.045771868,NAN
7/13/2019 19:55,0.065333041,0.016446504,NAN
7/13/2019 20:15,0.3486422,0.087764863,NAN
7/13/2019 21:17,0.686067955,0.172706173,NAN
7/14/2019 12:20,0.141275277,0.035563696,NAN
7/17/2019 7:06,0.124202913,0.031266013,NAN
7/17/2019 9:22,0.259740935,0.065385451,NAN
7/28/2019 17:05,0.066685391,0.016786936,NAN
7/28/2019 20:11,0.101242631,0.025486145,NAN
8/1/2019 13:55,0.058356515,0.01469028,NAN
8/7/2019 18:53,0.216616412,0.054529571,NAN
8/8/2019 9:25,0.356770815,0.089811106,NAN
8/8/2019 9:30,0.987883977,0.248683326,NAN
8/8/2019 9:39,2.331487666,0.586913162,NAN
8/8/2019 10:00,2.979407062,0.750016071,NAN
8/8/2019 10:56,1.330392249,0.334904076,NAN
8/8/2019 13:51,0.402762482,0.101388742,NAN
8/13/2019 0:21,0.035110235,0.008838417,NAN
9/2/2019 3:11,0.045567915,0.011470963,NAN
9/2/2019 16:12,0.184680788,0.04649031,NAN
9/3/2019 13:01,0.071616868,0.018028353,NAN
9/23/2019 18:39,0.024717479,0.006222213,NAN
9/23/2019 18:50,0.183873184,0.04628701,NAN
9/23/2019 19:00,0.606655595,0.152715435,NAN
9/23/2019 20:10,1.380024412,0.347398145,NAN
9/23/2019 20:32,2.611533102,0.657409933,NAN
9/23/2019 21:03,3.025975819,0.76173898,NAN
9/23/2019 21:52,1.412887223,0.35567081,NAN
9/24/2019 0:07,0.457120815,0.115072547,NAN
9/24/2019 12:01,0.105252917,0.026495668,NAN
10/1/2019 16:41,0.111512058,0.028071302,NAN
10/1/2019 16:54,0.412153673,0.103752818,NAN
10/1/2019 18:39,0.869628375,0.21891445,NAN
10/1/2019 20:23,1.766726811,0.444744029,NAN
10/1/2019 20:33,2.981422553,0.750523437,NAN
10/1/2019 20:46,4.800250215,1.208382987,NAN
10/1/2019 22:09,2.624559621,0.660689142,NAN
10/1/2019 2:50,0.060641526,0.015265494,NAN
10/7/2019 3:54,0.151516316,0.038141707,NAN
10/7/2019 4:31,0.539480349,0.135805187,NAN
10/7/2019 4:55,1.242286572,0.31272494,NAN
10/7/2019 5:32,2.333220853,0.587349463,NAN
10/7/2019 6:10,2.429770712,0.611654281,NAN
10/7/2019 18:00,1.019445978,0.256628534,NAN
10/8/2019 13:41,0.35596879,0.08960921,NAN
10/17/2019 3:21,0.327785361,0.082514502,NAN
10/17/2019 7:59,0.40606802,0.102220856,NAN
10/23/2019 2:28,0.431512759,0.108626145,NAN
10/23/2019 6:07,0.870769958,0.219201824,NAN
10/27/2019 9:14,0.33622603,0.084639299,NAN
10/27/2019 10:37,0.888265403,0.223606011,NAN
10/27/2019 13:44,1.249749445,0.314603594,NAN
10/31/2019 16:56,0.595620496,0.149937533,NAN
10/31/2019 18:13,1.332847319,0.335522099,NAN
10/31/2019 23:13,1.849704255,0.465632218,NAN
11/1/2019 2:14,3.141225838,0.790751251,NAN
11/1/2019 3:43,4.41816362,1.112199055,NAN
11/1/2019 7:29,2.278395383,0.573548065,NAN
11/1/2019 16:15,1.150372757,0.289587169,NAN
11/4/2019 11:11,0.584956402,0.147253025,NAN
11/27/2019 18:03,0.341823316,0.086048323,NAN
11/27/2019 18:52,0.847764394,0.213410557,NAN
11/27/2019 21:45,1.268292492,0.319271497,NAN
12/3/2019 14:31,0.265032381,0.066717485,NAN
1/11/2020 12:40,0.248812669,0.062634443,NAN
1/11/2020 17:53,0.529819964,0.133373346,NAN
1/12/2020 2:26,1.004081485,0.252760779,NAN
1/12/2020 6:46,2.080178313,0.523650221,NAN
1/13/2020 11:31,0.614251128,0.154627484,NAN
2/5/2020 12:31,0.18992172,0.047809628,NAN
3/2/2020 12:46,0.170383425,0.042891188,NAN
3/31/2020 12:01,0.791917342,0.199351992,NAN
4/7/2020 14:31,1.718025108,0.432484187,NAN
4/9/2020 11:24,1.44550991,0.363883028,NAN
4/9/2020 13:29,2.632021265,0.662567486,NAN
4/9/2020 17:04,2.743216876,0.690559128,NAN
4/13/2020 11:49,2.297480791,0.578352498,NAN
4/13/2020 15:18,3.836239422,0.965709337,NAN
4/13/2020 16:36,5.917426101,1.489613397,NAN
4/13/2020 17:34,6.283838103,1.581851512,NAN
4/13/2020 0:08,1.156251255,0.291066983,NAN
4/15/2020 14:31,1.68324334,0.423728457,NAN
4/23/2020 14:46,1.12497898,0.283194709,NAN
4/26/2020 19:33,1.127331853,0.283787005,NAN
4/26/2020 3:49,0.794594643,0.200025958,NAN
5/6/2020 12:31,0.565913881,0.142459388,NAN
5/11/2020 14:39,0.643019222,0.161869372,NAN
5/11/2020 15:51,1.433347554,0.360821358,NAN
5/11/2020 17:34,1.85314097,0.466497353,NAN
5/15/2020 18:10,0.828073479,0.208453697,NAN
5/15/2020 18:19,1.730437514,0.435608804,NAN
5/15/2020 18:27,3.072989884,0.773573987,NAN
5/15/2020 18:37,4.74102065,1.193472932,NAN
5/15/2020 19:39,2.663251923,0.670429284,NAN
5/29/2020 19:01,0.23675605,0.05959939,NAN
5/29/2020 19:10,0.772014483,0.194341779,NAN
5/29/2020 19:19,1.62988995,0.41029763,NAN
5/29/2020 19:29,2.77628015,0.698882256,NAN
5/29/2020 21:06,1.332437948,0.335419046,NAN
6/2/2020 15:16,0.223715443,0.056316634,NAN
7/1/2020 10:32,0.056513793,0.014226405,NAN
7/1/2020 12:49,0.298092685,0.075039865,NAN
7/1/2020 14:15,0.54442167,0.137049082,NAN
7/1/2020 14:01,0.595371146,0.149874763,NAN
7/1/2020 16:00,0.30349733,0.076400394,NAN
7/11/2020 8:42,0.028314911,0.007127807,NAN
7/12/2020 5:01,0.055466321,0.013962722,NAN
7/12/2020 5:30,0.294927082,0.074242978,NAN
7/12/2020 5:44,0.819851652,0.206383989,NAN
7/12/2020 6:02,1.666280588,0.419458367,NAN
7/12/2020 8:04,0.628765903,0.158281337,NAN
7/13/2020 12:28,-99,-24.9216,NAN
7/13/2020 14:25,-99,-24.9216,NAN
7/14/2020 8:48,-99,-24.9216,NAN
7/14/2020 8:57,-99,-24.9216,NAN
7/14/2020 9:03,-99,-24.9216,NAN
7/14/2020 9:07,-99,-24.9216,NAN
7/14/2020 9:12,-99,-24.9216,NAN
7/14/2020 9:22,-99,-24.9216,NAN
7/14/2020 10:48,-99,-24.9216,NAN
7/14/2020 12:04,-99,-24.9216,NAN
7/14/2020 15:54,-99,-24.9216,NAN
7/19/2020 21:24,-99,-24.9216,NAN
7/19/2020 21:49,-99,-24.9216,NAN
7/19/2020 22:57,-99,-24.9216,NAN
8/3/2020 12:11,-99,-24.9216,NAN
8/4/2020 17:21,-99,-24.9216,NAN
8/4/2020 18:13,-99,-24.9216,NAN
8/4/2020 19:12,-99,-24.9216,NAN
8/4/2020 19:28,-99,-24.9216,NAN
8/4/2020 20:08,-99,-24.9216,NAN
8/4/2020 22:02,-99,-24.9216,NAN
8/5/2020 3:31,-99,-24.9216,NAN
8/5/2020 9:30,-99,-24.9216,NAN
8/11/2020 22:12,-99,-24.9216,NAN
8/12/2020 1:29,-99,-24.9216,NAN
8/18/2020 1:10,-99,-24.9216,188.064063
8/18/2020 1:38,-99,-24.9216,152.997128
8/18/2020 3:04,-99,-24.9216,133.808654
8/18/2020 14:07,-99,-24.9216,171.733993
8/29/2020 6:00,-99,-24.9216,189.228465
8/29/2020 11:56,-99,-24.9216,171.449501
9/1/2020 12:31,-99,-24.9216,182.475926
9/29/2020 23:04,0.037790659,0.009513169,191.416268
9/30/2020 2:35,0.244464403,0.061539839,150.536527
9/30/2020 4:09,0.7091552,0.178518002,110.594595
9/30/2020 5:30,1.224720936,0.308303084,94.634579
9/30/2020 6:29,2.676122083,0.673669132,75.553659
9/30/2020 7:30,1.181613944,0.297451617,81.800619
9/30/2020 10:36,0.35350553,0.088989125,98.361784
9/30/2020 13:15,0.208129965,0.05239325,112.005045
10/6/2020 13:56,0.026441914,0.006656311,161.100455
10/10/2020 17:23,0.111512058,0.028071302,143.49308
10/10/2020 17:38,0.409178101,0.103003767,108.257371
10/10/2020 18:02,1.098751315,0.276592331,76.300832
10/10/2020 18:14,2.065901385,0.520056242,78.194861
10/10/2020 18:35,3.610906865,0.908985622,78.372639
10/10/2020 19:38,1.790686628,0.450775514,92.344777
10/10/2020 23:41,0.643036649,0.161873759,102.753475
10/13/2020 14:42,0.633184383,0.159393615,112.019612
10/13/2020 18:17,0.733564702,0.184662688,111.371307
10/16/2020 18:53,0.510956506,0.128624784,110.096595
10/17/2020 3:09,1.20307607,0.302854349,92.958864
10/17/2020 5:51,1.283473577,0.323093082,94.217008
10/17/2020 13:28,0.88513751,0.222818616,97.716279
11/4/2020 14:31,0.122711815,0.030890654,131.766667
11/15/2020 21:38,0.367233099,0.092444812,119.939339
11/15/2020 22:36,0.930711489,0.234291106,96.62109
11/16/2020 0:49,0.985988085,0.248206067,96.568489
11/23/2020 6:22,0.499430241,0.125723239,115.770964
11/23/2020 9:12,0.83819104,0.211000625,102.309302
11/30/2020 15:23,0.460853488,0.116012185,111.245946
11/30/2020 17:09,1.099405779,0.276757082,101.815561
11/30/2020 18:16,2.119729087,0.533606469,89.611628
11/30/2020 21:45,2.752120792,0.692800541,NAN
11/30/2020 3:07,0.25855798,0.065087662,89.99489
12/1/2020 12:31,0.712157734,0.17927384,99.929021
12/24/2020 19:09,0.373375478,0.093991054,114.89278
12/25/2020 5:12,0.938279469,0.236196218,92.478043
12/25/2020 9:44,1.867035071,0.469994962,75.980717
12/25/2020 13:37,3.220946285,0.810819545,66.223895
12/25/2020 15:14,4.255684777,1.071297714,62.512075
12/25/2020 19:55,2.183164814,0.549575356,73.901061
12/26/2020 11:57,0.868459629,0.218620237,83.924299
12/28/2020 15:30,0.548679179,0.138120839,NAN
1/5/2021 16:16,0.345764899,0.087040551,112.161062
2/3/2021 12:11,0.139576232,0.03513599,127.830486
3/4/2021 15:00,0.099403597,0.025023199,128.224851
3/23/2021 13:48,0.814852038,0.20512542,96.098749
3/23/2021 18:35,0.893755565,0.224988068,82.424713
3/25/2021 11:54,1.381279572,0.347714111,79.834423
3/25/2021 12:39,1.64662418,0.414510194,74.040122
3/25/2021 13:30,1.978596059,0.498078581,77.061634
3/25/2021 17:10,2.082024907,0.52411507,79.109493
3/29/2021 12:15,1.154115929,0.29052945,NAN
4/5/2021 14:31,0.663510695,0.167027759,94.958418
4/29/2021 0:43,0.826242042,0.207992663,103.537186
4/29/2021 4:27,0.948539542,0.238779021,92.88355
4/30/2021 3:32,1.61879219,0.407503954,91.421397
4/30/2021 7:44,2.672665365,0.672798961,80.180251
4/30/2021 16:14,2.633888713,0.663037585,79.775095
4/30/2021 19:12,3.299753714,0.830658002,73.337363
5/3/2021 12:36,0.932682109,0.234787176,106.455214
5/17/2021 18:08,0.372814487,0.093849833,123.050373
6/1/2021 13:41,0.198467188,0.049960807,123.373215
6/19/2021 3:46,0.044574982,0.011221009,166.483669
6/19/2021 4:52,0.265313838,0.066788337,140.116405
6/21/2021 21:26,0.063808325,0.016062682,167.32423
6/21/2021 23:56,0.228457651,0.057510406,149.029319
7/3/2021 21:45,0.277717288,0.069910699,134.092575
7/6/2021 11:01,0.045262464,0.011394071,162.549654
7/9/2021 6:09,0.565913881,0.142459388,131.492166
7/9/2021 14:05,0.193680362,0.048755803,146.223853
7/10/2021 8:56,0.090739595,0.022842181,154.93786
7/13/2021 7:37,0.086876165,0.021869627,165.983749
7/13/2021 10:09,0.222363223,0.055976235,149.037398
7/17/2021 23:42,0.039810375,0.010021598,175.460767
7/18/2021 1:54,0.248812669,0.062634443,139.146862
7/18/2021 2:46,0.695904913,0.175182464,125.367074
7/18/2021 3:13,1.541513672,0.388050375,104.576471
7/18/2021 4:22,2.523279986,0.635193682,95.980262
7/18/2021 14:25,1.075150224,0.27065115,107.673318
8/2/2021 1:08,0.455004866,0.114539892,135.894425
8/2/2021 4:07,0.845596819,0.212864906,124.484969
8/2/2021 10:40,0.341624014,0.085998152,138.329742
7/25/2021 6:53,0.214335594,0.053955414,145.391237
8/7/2021 16:07,0.048468061,0.012201027,NAN
8/7/2021 18:46,0.193646298,0.048747228,NAN
8/14/2021 8:33,0.061933491,0.015590724,175.036779
8/14/2021 8:49,0.306719119,0.077211426,137.663556
8/14/2021 10:56,0.429980607,0.108240452,146.723719
8/30/2021 8:59,0.039881177,0.010039422,179.368179
8/30/2021 9:10,0.227540268,0.05727947,147.721939
8/30/2021 9:19,0.715838107,0.180200313,111.031034
8/30/2021 9:53,1.302358829,0.327847129,104.655696
8/30/2021 11:15,0.415442142,0.104580635,135.660368
8/31/2021 12:31,0.044726865,0.011259243,171.926895
9/6/2021 12:40,0.078555597,0.019775062,189.501629
9/6/2021 12:52,0.10153017,0.025558528,179.661068
9/8/2021 19:36,0.033432611,0.008416103,177.033414
9/8/2021 19:45,0.233799316,0.058855081,117.643044
9/8/2021 21:28,0.511092672,0.128659062,131.930406
9/9/2021 9:15,0.150230992,0.037818149,155.322884
9/27/2021 15:43,0.058286464,0.014672646,182.773134
9/27/2021 21:46,0.080287495,0.020211039,171.017491
10/5/2021 10:01,0.091948709,0.023146555,156.992823
10/16/2021 16:03,0.087955536,0.02214134,160.668275
10/16/2021 19:45,0.390447452,0.098288638,140.437288
10/16/2021 20:47,0.989928213,0.249197929,116.386209
10/16/2021 23:52,1.056085378,0.265851893,122.456417
10/17/2021 11:21,0.299805863,0.075471129,136.556311
10/18/2021 8:00,0.204778158,0.051549488,138.438186
11/2/2021 10:31,0.401142534,0.100980947,130.947236
10/31/2021 1:39,0.319136558,0.08033731,134.975558
10/31/2021 5:20,0.865228151,0.217806767,119.287636
10/31/2021 6:44,1.736212669,0.437062603,104.831821
10/31/2021 7:51,3.066832305,0.772023919,88.930159
10/31/2021 12:52,1.561405054,0.393057699,96.472703
11/12/2021 13:12,0.467361637,0.117650503,134.339926
11/12/2021 13:46,1.102299199,0.277485452,102.579504
11/12/2021 14:24,2.185384294,0.550134073,95.776883
11/12/2021 19:56,0.911146141,0.229365855,119.455696
11/13/2021 18:01,0.484301877,0.121914926,126.385307
11/14/2021 0:43,0.575386658,0.144844001,118.490416
12/7/2021 10:46,0.54442167,0.137049082,114.160325
12/6/2021 15:14,0.395660895,0.099601036,133.004532
12/6/2021 19:20,1.033197481,0.260090246,107.611768
12/6/2021 21:10,1.741999671,0.438519384,92.171561
12/7/2021 7:00,0.637875514,0.160574529,108.674243
11/18/2021 16:24,0.837268136,0.210768299,114.450278
11/18/2021 17:29,1.757683824,0.442467608,98.861209
12/11/2021 22:17,0.896399117,0.225653538,96.853954
12/12/2021 0:57,0.955862589,0.240622476,99.25667
1/10/2022 10:31,0.126784921,0.031915991,135.953222
2/1/2022 9:16,0.041024565,0.010327251,142.501535
2/18/2022 10:45,0.526034366,0.132420384,95.216397
2/23/2022 13:35,0.855845313,0.215444794,82.651096
3/1/2022 11:01,0.117995194,0.029703323,122.972408
4/4/2022 12:01,0.688110216,0.173220278,94.494132
4/8/2022 3:01,1.521001768,0.382886845,84.965043
4/8/2022 3:46,2.71115755,0.682488727,80.909469
4/8/2022 4:39,4.456787719,1.121922029,66.527523
4/8/2022 8:13,2.340161529,0.589096662,88.059671
4/12/2022 11:30,1.299938489,0.327237849,91.712748
4/7/2022 17:00,0.971079249,0.244453016,96.059551
4/19/2022 12:22,1.201731147,0.302515787,88.280831
4/22/2022 2:23,1.055659706,0.265744737,95.055442
4/22/2022 4:15,1.569428232,0.3950774,89.437186
4/21/2022 16:23,1.058921449,0.266565826,96.884538
5/3/2022 9:16,0.437389353,0.11010548,115.950529
5/4/2022 8:13,0.627554802,0.157976462,111.344382
5/15/2022 8:37,0.281999456,0.070988663,137.78663
5/15/2022 9:19,0.787467525,0.198231825,116.234343
5/15/2022 17:21,1.568070424,0.394735595,101.553968
5/15/2022 17:28,2.803372315,0.705702257,106.034425
5/15/2022 17:44,4.12559834,1.038550622,100.97977
5/15/2022 18:39,2.032292712,0.511595819,93.586367
5/15/2022 23:37,0.804587648,0.202541531,108.157286
5/16/2022 18:24,0.70251083,0.176845393,114.738418
5/16/2022 18:40,1.502420982,0.378209442,100.490727
5/16/2022 20:19,2.384180005,0.60017758,94.688566
5/17/2022 2:34,0.995050188,0.250487301,110.64176
5/31/2022 12:31,0.171207535,0.043098643,140.606066
6/2/2022 0:22,0.323400354,0.081410649,129.98834
6/2/2022 0:37,0.838191041,0.211000625,116.912698
6/2/2022 0:44,1.70102545,0.428204807,92.301893
6/2/2022 0:53,3.299753714,0.830658002,86.364199
6/2/2022 1:25,4.517715388,1.137259554,82.753846
6/2/2022 2:29,2.354080967,0.592600649,86.684411
6/2/2022 5:32,0.990951307,0.249455476,112.4711
6/3/2022 6:51,0.417543184,0.105109537,126.727764
6/3/2022 8:52,0.539151914,0.135722508,124.666093
6/3/2022 10:00,0.504761996,0.12706542,115.496695
6/12/2022 20:47,0.209621678,0.052768764,138.093144
6/12/2022 23:16,0.352504543,0.088737144,134.470986
6/27/2022 8:45,0.163727075,0.041215562,142.0745545
6/27/2022 9:22,0.565913881,0.142459388,127.31358
7/6/2022 9:31,0.104403489,0.026281838,160.198176
7/5/2022 19:37,0.07453505,0.018762957,166.89866
7/5/2022 23:41,0.178790665,0.04500757,163.281987
7/18/2022 14:18,0.036390622,0.009160733,188.949844
7/18/2022 15:17,0.2370742,0.059679479,146.323839
7/18/2022 15:49,0.700029109,0.176220661,116.411765
7/18/2022 16:39,1.010513861,0.254380023,118.082045
7/19/2022 7:47,0.57758644,0.14539776,124.150093
7/25/2022 4:07,0.041313525,0.010399991,167.439683
7/25/2022 5:01,0.258545546,0.065084532,136.673585
7/25/2022 6:46,0.438046388,0.110270877,139.869231
8/2/2022 10:16,0.00911915,0.002295594,190.764974
8/8/2022 16:06,0.006529042,0.001643578,202.147208
8/8/2022 17:32,0.034792989,0.008758555,163.536792
8/24/2022 3:39,0.015266881,0.003843183,212.107778
8/24/2022 4:57,0.155740273,0.039205018,142.377934
8/24/2022 5:50,0.170571483,0.042938528,159.25369
8/24/2022 14:15,0.021762946,0.005478459,187.944444
8/30/2022 20:58,0.026332035,0.006628651,187.556322
8/30/2022 21:18,0.076106585,0.019158564,166.325287
8/31/2022 0:29,0.129107548,0.032500673,155.618605
8/31/2022 9:30,0.054538183,0.013729079,171.260388
9/7/2022 10:16,0.056513793,0.014226405,174.66308
9/6/2022 9:26,0.290578227,0.073148226,140.305941
9/6/2022 2:44,0.054259478,0.013658919,175.459044
9/6/2022 11:34,0.339568752,0.085480774,137.09458
9/18/2022 20:20,0.056163295,0.014138173,172.593717
9/18/2022 21:19,0.303250366,0.076338226,128.390819
9/19/2022 11:09,0.082042695,0.020652881,152.111197
9/19/2022 12:00,0.360878436,0.090845132,124.570138
9/19/2022 17:42,0.934655294,0.235283893,106.163934
9/19/2022 20:20,1.878391413,0.472853732,89.76129
9/19/2022 21:14,2.1624497,0.544360671,94.371393
9/19/2022 23:43,0.87657079,0.220662087,102.048002
9/20/2022 14:15,0.253208215,0.063740948,127.642829
9/22/2022 7:17,0.160035938,0.04028638,138.710453
9/22/2022 7:38,0.539480349,0.135805187,104.633216
9/22/2022 8:43,1.034860892,0.260508982,111.47191
9/23/2022 0:43,0.286269063,0.072063466,128.825084
10/4/2022 11:16,NA,NA,156.693308
10/14/2022 10:15,1.52,0.382634667,95.613597
10/14/2022 15:17,NA,NA,93.063103
11/1/2022 10:46,NA,NA,142.8104
11/6/2022 23:50,0.22,0.055381333,143.280547
11/7/2022 0:31,NA,NA,116.666906
11/12/2022 13:30,0.78,0.196352,106.5
11/12/2022 16:30,0.6,0.15104,121.05627
11/12/2022 21:00,0.48,0.120832,122.466116
11/11/2022 19:00,0.17,0.042794667,149.02293
11/11/2022 21:00,0.68,0.171178667,119.085778
11/12/2022 6:00,0.36,0.090624,133.082434
11/12/2022 7:00,0.67,0.168661333,112.556502
11/12/2022 8:00,2.15,0.541226667,92.535484
11/12/2022 9:00,1.71,0.430464,98.018362
11/12/2022 12:00,0.9,0.22656,98.471339
11/12/2022 12:01,NA,NA,105.09164
11/10/2022 17:15,0.16,0.040277333,146.683425
12/6/2022 9:46,NA,NA,129.330584
1/2/2023 10:31,NA,NA,103.91401
2/8/2023 10:31,NA,NA,133.814025
3/8/2023 11:31,NA,NA,135.394265
4/3/2023 10:31,NA,NA,135.360287
4/15/2023 5:00,2,0.503466667,94.359669
4/15/2023 17:00,2.5,0.629333333,82.895148
4/16/2023 5:00,1.76,0.443050667,94.847909
4/23/2023 13:39,NA,NA,98.552596
4/25/2023 20:22,NA,NA,93.994322
4/10/2023 16:40,1.17,0.294528,89.960125
4/14/2023 17:33,NA,NA,71.430813
4/16/2023 17:00,1.95,0.49088,83.076463
4/17/2023 5:00,1.53,0.385152,86.999496
4/17/2023 17:00,2.29,0.576469333,80.336909
4/18/2023 5:00,1.54,0.387669333,87.540299
4/18/2023 17:00,1.28,0.322218667,89.094144
4/19/2023 5:00,1.1,0.276906667,99.398462
4/19/2023 17:00,1.02,0.256768,96.428141
4/20/2023 5:00,0.94,0.236629333,103.896649
4/20/2023 17:00,0.9,0.22656,103.97497
5/1/2023 11:01,NA,NA,85.590606
5/1/2023 4:59,NA,NA,91.807121
5/1/2023 6:37,NA,NA,97.574018
5/1/2023 8:46,NA,NA,91.953129
5/1/2023 9:44,NA,NA,86.239629
6/5/2023 13:16,NA,NA,156.407627
6/12/2023 10:00,0.12,0.030208,123.993819
6/10/2023 13:13,NA,NA,136.869379
6/10/2023 13:42,NA,NA,115.100214
6/10/2023 14:41,NA,NA,115.50825
6/13/2023 7:38,NA,NA,149.427822
6/13/2023 9:28,NA,NA,131.520476
6/13/2023 12:00,0.7,0.176213333,121.887493
6/14/2023 9:30,0.38,0.095658667,131.433175
6/17/2023 5:45,0.96,0.241664,113.660119
6/17/2023 7:53,NA,NA,109.145195
6/17/2023 11:31,NA,NA,95.946644
6/17/2023 11:43,NA,NA,86.635974
6/17/2023 12:03,NA,NA,88.027149
6/17/2023 15:37,NA,NA,92.442088
6/18/2023 3:33,NA,NA,114.652586
6/24/2023 16:03,NA,NA,142.154123
6/24/2023 22:34,NA,NA,138.694782
6/27/2023 14:21,NA,NA,144.267227
6/28/2023 15:26,NA,NA,138.323161
6/28/2023 15:41,NA,NA,85.611111
6/28/2023 15:49,NA,NA,70.00474
6/28/2023 16:08,NA,NA,78.60472
6/28/2023 16:21,NA,NA,73.54068
6/28/2023 16:23,NA,NA,86.141608
6/28/2023 16:27,NA,NA,68.642756
6/28/2023 16:31,NA,NA,68.259482
6/28/2023 16:42,NA,NA,59.175278
6/28/2023 16:53,NA,NA,54.987952
6/28/2023 17:18,NA,NA,56.503704
6/28/2023 18:31,NA,NA,74.017757
6/29/2023 0:47,NA,NA,88.511299
6/29/2023 1:34,NA,NA,101.826496
7/5/2023 10:46,NA,NA,110.193597
7/2/2023 7:20,2.31,0.581504,100.722337
7/2/2023 13:27,NA,NA,110.920985
7/4/2023 17:33,NA,NA,94.52579
7/4/2023 17:40,3.61,0.908757333,84.357851
7/4/2023 17:49,NA,NA,90.323607
7/4/2023 19:21,NA,NA,95.887729
7/4/2023 23:22,NA,NA,105.499587
7/7/2023 11:50,0.71,0.178730667,120.490065
7/7/2023 12:01,NA,NA,93.724879
7/7/2023 12:05,3.91,0.984277333,80.853535
7/7/2023 12:08,NA,NA,71.951609
7/7/2023 12:11,NA,NA,71.089944
7/7/2023 12:18,NA,NA,65.553504
7/7/2023 12:45,7.6,1.913173333,70.630233
7/7/2023 13:24,NA,NA,81.959956
7/7/2023 14:46,NA,NA,96.867677
7/7/2023 19:30,1.47,0.370048,107.454237
7/9/2023 19:38,NA,NA,101.076058
7/9/2023 21:18,NA,NA,65.226214
7/10/2023 1:48,NA,NA,73.115778
7/10/2023 3:22,NA,NA,85.671084
7/10/2023 15:16,NA,NA,75.388192
7/10/2023 18:35,9.74,2.451882667,67.898319
7/10/2023 18:41,NA,NA,62.34495
7/10/2023 18:46,NA,NA,63.272642
7/10/2023 19:01,NA,NA,56.281563
7/10/2023 19:25,14.1,3.54944,64.31227
7/10/2023 20:12,NA,NA,66.127018
7/10/2023 22:49,NA,NA,70.075732
7/17/2023 11:46,NA,NA,93.964557
7/16/2023 7:00,1.09,0.274389333,78.140647
7/16/2023 7:13,NA,NA,82.712264
7/16/2023 7:49,NA,NA,78.197663
7/16/2023 9:45,6.57,1.653888,67.520242
7/16/2023 13:31,NA,NA,110.976064
7/16/2023 16:08,NA,NA,69.256387
7/16/2023 16:20,8.33,2.096938667,72.031124
7/16/2023 16:27,NA,NA,53.22238
7/16/2023 16:31,NA,NA,57.552815
7/16/2023 16:44,NA,NA,54.64702
7/16/2023 17:06,NA,NA,59.840336
7/16/2023 18:31,NA,NA,46.978183
7/16/2023 18:37,NA,NA,53.942341
7/16/2023 18:41,NA,NA,50.618563
7/16/2023 19:21,NA,NA,48.418893
7/18/2023 17:55,1.86,0.468224,111.216943
7/21/2023 11:14,NA,NA,98.281301
7/21/2023 19:47,NA,NA,66.311731
7/21/2023 19:53,NA,NA,75.270681
7/21/2023 20:03,NA,NA,80.139226
7/21/2023 20:13,NA,NA,61.459118
7/21/2023 20:23,NA,NA,59.754802
7/21/2023 20:39,NA,NA,61.158824
7/21/2023 21:05,10.1,2.542506667,58.371324
7/21/2023 22:30,4.64,1.168042667,79.571763
7/22/2023 0:47,NA,NA,89.316107
7/22/2023 13:35,1.51,0.380117333,98.765997
8/7/2023 11:16,NA,NA,138.515273
8/18/2023 8:00,0.36,0.090624,137.262834
8/18/2023 8:40,1.04,0.261802667,112.975747
8/18/2023 9:45,1.08,0.271872,NAN
10/4/2023 12:16,NA,NA,169.431198
1/30/2024 14:01,NA,NA,123.045878
4/1/2024 17:40,0.71,0.178730667,106.495541
4/16/2024 14:00,1.06,0.266837333,103.393026
5/7/2024 14:45,0.38,0.095658667,122.540212
5/29/2024 12:05,0.16,0.040277333,137.681989
6/4/2024 13:46,NA,NA,158.581563
7/3/2024 11:01,NA,NA,145.363768
10/6/2023 18:08,NA,NA,71.852047
7/30/2024 9:31,NA,NA,154.137709
7/29/2024 23:19,NA,NA,142.41454
7/29/2024 23:29,NA,NA,113.760708
7/29/2024 23:39,NA,NA,105.732719
7/30/2024 0:10,1.63,0.410325333,119.844762
7/30/2024 2:41,NA,NA,138.02243
7/12/2024 11:15,1.85,0.465706667,119.064841
7/31/2024 14:14,NA,NA,151.343363
7/31/2024 14:45,0.7,0.176213333,138.636101
7/31/2024 15:56,NA,NA,108.278873
7/31/2024 16:03,NA,NA,97.617143
7/31/2024 16:12,NA,NA,96.795111
7/31/2024 16:56,NA,NA,88.629172
7/31/2024 17:47,NA,NA,100.592216
7/31/2024 20:37,NA,NA,121.722157
8/1/2024 3:04,NA,NA,131.530296
8/8/2024 23:27,NA,NA,127.850423
8/9/2024 0:07,NA,NA,103.731959
8/9/2024 1:24,NA,NA,108.925
8/9/2024 1:58,NA,NA,104.313074
8/9/2024 4:36,NA,NA,111.893235
8/9/2024 15:45,0.59,0.148522667,132.691015
8/9/2024 16:51,NA,NA,111.303521
8/9/2024 17:16,NA,NA,104.465678
8/9/2024 18:18,NA,NA,101.016608
8/9/2024 18:46,NA,NA,89.314286
8/9/2024 19:46,NA,NA,92.346497
8/9/2024 22:55,1.22,0.307114667,118.538323
8/10/2024 15:49,NA,NA,146.666498
9/26/2024 6:28,NA,NA,141.725114
9/26/2024 6:44,NA,NA,118.953584
9/26/2024 6:53,NA,NA,116.08756
9/27/2024 11:15,0.19,0.047829333,150.398667
11/13/2024 10:31,NA,NA,151.571802
