Date,ANC_all
9/3/1991,150.88
9/10/1991,158.87
9/17/1991,135.89
9/24/1991,144.89
9/30/1991,128.89
10/8/1991,111.91
10/15/1991,113.91
10/21/1991,121.91
10/29/1991,133.9
11/5/1991,131.9
11/12/1991,113.91
11/19/1991,130.9
11/26/1991,114.91
12/3/1991,120.91
12/10/1991,104.91
12/17/1991,106.91
12/24/1991,90.13
12/31/1991,122.91
1/7/1992,114.91
1/14/1992,88.74
1/21/1992,109.91
1/28/1992,109.91
2/5/1992,116.91
2/11/1992,125.9
2/18/1992,130.9
2/25/1992,119.91
3/3/1992,128.9
3/17/1992,115.91
3/24/1992,119.91
3/26/1992,114.26
3/27/1992,108.05
3/30/1992,104.04
3/31/1992,118.31
4/7/1992,108.585
4/8/1992,104.965
4/9/1992,108.64
4/10/1992,107.54
4/11/1992,90.05
4/12/1992,94.98
4/14/1992,98.79
4/16/1992,112.52
4/17/1992,113.15
4/18/1992,114.9
4/19/1992,103.16
4/20/1992,95.92666667
4/21/1992,84.7225
4/22/1992,63.47666667
4/23/1992,71.83
4/24/1992,66.3025
4/25/1992,67.3
4/26/1992,85.38
4/27/1992,67.06
5/1/1992,73.48
5/4/1992,90.73
5/7/1992,91.27
5/12/1992,96.62
5/19/1992,114.265
5/26/1992,123.9
6/2/1992,120.91
6/9/1992,113.695
6/12/1992,121.82
6/16/1992,145.3075
6/23/1992,138.52
6/30/1992,149.28
7/7/1992,135.89
7/10/1992,126.97
7/13/1992,131.67
7/14/1992,143.89
7/21/1992,136.89
7/28/1992,157.88
8/4/1992,140.885
8/11/1992,161.87
8/12/1992,156.04
8/18/1992,146.88
8/24/1992,154.87
8/29/1992,159.67
9/1/1992,164.87
9/4/1992,159.22
9/8/1992,161.88
9/15/1992,153.88
9/18/1992,167.67
9/19/1992,180.21
9/22/1992,129.358
9/25/1992,131.78
9/29/1992,148.88
10/6/1992,134.2525
10/13/1992,145.89
10/20/1992,131.89
10/26/1992,122.21
10/27/1992,120.9
11/3/1992,117.835
11/4/1992,107.69
11/10/1992,126.9
11/17/1992,113.91
11/21/1992,107.3
11/22/1992,122.615
11/23/1992,93.3475
11/24/1992,101.045
11/25/1992,105.01
12/1/1992,122.91
12/8/1992,123.91
12/15/1992,112.9
12/22/1992,126.9
12/29/1992,126.9
1/5/1993,88.525
1/12/1993,132.9
1/19/1993,126.9
1/26/1993,127.91
2/2/1993,123.9
2/8/1993,115.9
2/17/1993,115.9
2/23/1993,117.9
3/2/1993,129.9
3/9/1993,124.9
3/11/1993,135.03
3/16/1993,123.9
3/23/1993,134.515
3/26/1993,106.18
3/28/1993,95
3/29/1993,93.105
3/30/1993,75.8575
3/31/1993,77.704
4/1/1993,91.18
4/2/1993,91.75
4/5/1993,107.51
4/6/1993,95.94
4/7/1993,83.345
4/8/1993,89.86
4/9/1993,93.67
4/10/1993,90.38
4/11/1993,81.345
4/12/1993,87.26
4/13/1993,78.19333333
4/14/1993,83.06
4/15/1993,78.27
4/16/1993,79.01
4/17/1993,59.93
4/20/1993,63.785
4/22/1993,70.81
4/23/1993,76.86
4/24/1993,72.525
4/27/1993,95.325
5/4/1993,112.72
5/5/1993,100.75
5/11/1993,113.91
5/18/1993,104.91
5/25/1993,103.91
6/1/1993,108.91
6/8/1993,109.91
6/14/1993,126.0066667
6/15/1993,118.63
6/22/1993,98.46
6/29/1993,125.89
7/6/1993,152.88
7/8/1993,154.81
7/13/1993,152.88
7/20/1993,167.87
7/21/1993,163.87
7/27/1993,145.01
8/10/1993,161.87
8/17/1993,141.88
8/24/1993,132.61375
8/25/1993,133.01
8/31/1993,166.86
9/1/1993,121.68
9/7/1993,148.695
9/14/1993,131.89
9/21/1993,154.88
9/28/1993,118.335
10/5/1993,138.9
10/12/1993,124.945
10/16/1993,127.8
10/19/1993,136.89
10/21/1993,129.095
10/26/1993,140.9
11/2/1993,132.9
11/9/1993,128.9
11/16/1993,113.9
11/23/1993,115.9
11/28/1993,95.535
11/30/1993,113.91
12/7/1993,116.9
12/14/1993,116.91
12/21/1993,117.815
12/28/1993,126.9
1/5/1994,134.9
1/11/1994,122.9
1/18/1994,116.9
1/25/1994,122.9
1/26/1994,125.85
2/1/1994,114.91
2/8/1994,117.9
2/9/1994,124.75
2/15/1994,127.9
2/18/1994,120.28
2/22/1994,121.75
3/1/1994,129.84
3/8/1994,132.9
3/10/1994,112.02
3/15/1994,136.9
3/21/1994,121.9
3/23/1994,105.24
3/24/1994,102.89
3/25/1994,122.655
3/26/1994,115.89
3/28/1994,125.93
3/29/1994,112.9
3/30/1994,110.89
3/31/1994,128.6
4/1/1994,124.78
4/2/1994,119.19
4/3/1994,109.63
4/4/1994,113.315
4/5/1994,104.5533333
4/6/1994,92.67571429
4/7/1994,75.716
4/8/1994,94.15
4/9/1994,98.955
4/10/1994,84.9
4/11/1994,89.09
4/12/1994,87.12
4/13/1994,78.09666667
4/14/1994,75.29666667
4/15/1994,68.076
4/16/1994,62.14
4/18/1994,74.47
4/19/1994,71.75
4/26/1994,73.84
5/3/1994,92.13
5/10/1994,110.32
5/17/1994,101.72
5/24/1994,112.91
5/31/1994,116.91
6/7/1994,120.91
6/14/1994,116.91
6/21/1994,131.89
6/28/1994,114.9
7/5/1994,138.88
7/12/1994,129.89
7/19/1994,154.88
7/26/1994,161.87
8/2/1994,155.87
8/9/1994,163.87
8/16/1994,146.88
8/23/1994,148.88
8/30/1994,158.88
9/7/1994,157.88
9/13/1994,144.89
9/20/1994,148.88
9/27/1994,156.87
10/4/1994,145.89
10/11/1994,145.88
10/18/1994,134.89
10/25/1994,140.88
11/1/1994,138.89
11/8/1994,127.9
11/15/1994,137.89
11/22/1994,142.89
11/29/1994,108.91
12/6/1994,109.52
12/13/1994,120.9
12/20/1994,127.9
12/27/1994,98.22
1/3/1995,134.9
1/10/1995,118.9
1/17/1995,86.93
1/24/1995,119.91
1/31/1995,108.32
2/7/1995,111.91
2/14/1995,123.91
2/21/1995,109.91
2/28/1995,129.9
3/7/1995,117.9
3/14/1995,114.82
3/21/1995,89.93
3/28/1995,91.63
4/4/1995,110.62
4/11/1995,101.12
4/18/1995,97.72
4/25/1995,103.72
5/2/1995,112.52
5/9/1995,104.91
5/16/1995,104.22
5/23/1995,114.9
5/30/1995,126.91
6/6/1995,134.89
6/13/1995,142.89
6/20/1995,163.88
6/27/1995,155.87
7/3/1995,151.87
7/11/1995,173.86
7/18/1995,137.89
7/25/1995,156.88
8/1/1995,171.86
8/8/1995,123.9
8/15/1995,143.89
8/22/1995,149.87
8/29/1995,152.87
9/5/1995,163.87
9/12/1995,166.87
9/19/1995,155.87
9/26/1995,139.89
10/3/1995,150.88
10/10/1995,144.89
10/17/1995,132.9
10/24/1995,99.22
10/31/1995,117.91
11/7/1995,109.62
11/14/1995,107.32
11/21/1995,100.62
11/28/1995,104.92
12/12/1995,111.91
12/29/1995,114.91
1/4/1996,111.91
1/10/1996,125.9
1/16/1996,113.9
1/24/1996,109.32
1/30/1996,103.83
2/6/1996,98.52
2/13/1996,100.02
2/20/1996,104.31
2/27/1996,101.73
3/5/1996,114.12
3/12/1996,108.12
3/19/1996,102.02
3/26/1996,86.83
4/2/1996,86.63
4/9/1996,102.02
4/16/1996,80.63
4/23/1996,57.46
4/30/1996,74.54
5/7/1996,87.13
5/14/1996,90.14
5/21/1996,77.73
5/28/1996,94.52
6/5/1996,118.91
6/11/1996,113.42
6/18/1996,126.91
6/25/1996,112.91
7/2/1996,117.9
7/9/1996,137.9
7/16/1996,114.62
7/23/1996,115.9
7/30/1996,186.86
8/6/1996,132.9
8/13/1996,225.82
8/20/1996,141.88
8/27/1996,132.89
9/3/1996,153.88
9/10/1996,153.87
9/17/1996,137.88
9/24/1996,135.89
10/1/1996,147.89
10/8/1996,147.88
10/15/1996,129.89
10/22/1996,100.13
10/29/1996,117.9
11/5/1996,109.91
11/12/1996,99.82
11/19/1996,111.31
11/26/1996,104.91
12/3/1996,93.93
12/10/1996,103.02
12/17/1996,106.92
12/23/1996,100.12
12/30/1996,95.92
1/7/1997,107.92
1/14/1997,117.82
1/21/1997,117.91
1/28/1997,99.91
2/4/1997,115.91
2/11/1997,122.91
2/18/1997,112.91
2/25/1997,102.72
3/4/1997,96.42
3/11/1997,116.91
3/18/1997,103.91
3/25/1997,120.91
4/1/1997,100.02
4/8/1997,80.93
4/15/1997,93.33
4/22/1997,77.24
4/30/1997,75.54
5/6/1997,91.73
5/13/1997,88.63
5/20/1997,98.83
5/27/1997,99.52
6/3/1997,118.91
6/10/1997,136.9
6/17/1997,118.9
6/24/1997,122.9
7/2/1997,135.89
7/8/1997,137.89
7/15/1997,78.04
7/22/1997,131.9
7/29/1997,140.89
8/5/1997,142.88
8/12/1997,144.88
8/19/1997,138.89
8/26/1997,128.9
9/2/1997,126.9
9/9/1997,134.89
9/16/1997,135.89
9/23/1997,136.89
9/30/1997,133.9
10/7/1997,144.89
10/14/1997,131.89
10/21/1997,144.89
10/29/1997,126.9
11/4/1997,102.91
11/12/1997,103.91
11/18/1997,120.91
11/25/1997,111.91
12/2/1997,113.91
12/9/1997,113.91
12/16/1997,111.91
12/23/1997,127.91
12/30/1997,109.91
1/6/1998,96.43
1/13/1998,95.62
1/20/1998,99.82
1/27/1998,107.91
2/3/1998,125.91
2/10/1998,114.91
2/17/1998,102.91
2/24/1998,123.91
3/3/1998,97.42
3/10/1998,89.23
3/17/1998,117.41
3/24/1998,99.91
3/31/1998,69.26
4/7/1998,75.64
4/14/1998,99.83
4/21/1998,94.63
4/28/1998,103.72
5/5/1998,102.91
5/12/1998,109.91
5/19/1998,115.9
5/26/1998,139.9
6/2/1998,125.91
6/9/1998,130.9
6/16/1998,102.13
6/23/1998,117.32
6/30/1998,110.91
7/7/1998,116.9
7/14/1998,117.91
7/21/1998,124.9
7/28/1998,144.89
8/4/1998,137.88
8/11/1998,132.9
8/18/1998,144.89
8/25/1998,141.89
9/1/1998,153.88
9/8/1998,142.88
9/15/1998,143.88
9/22/1998,143.88
9/29/1998,143.88
10/6/1998,150.88
10/13/1998,133.88
10/20/1998,139.89
10/27/1998,133.89
11/3/1998,123.9
11/10/1998,131.9
11/17/1998,122.9
11/24/1998,116.9
12/1/1998,100.02
12/8/1998,109.91
12/15/1998,118.91
12/22/1998,102.73
12/29/1998,127.91
1/5/1999,120.9
1/12/1999,123.91
1/18/1999,114.91
1/26/1999,98.6
2/2/1999,108.91
2/9/1999,108.91
2/16/1999,124.91
2/23/1999,119.9
3/2/1999,102.91
3/9/1999,103.91
3/16/1999,114.91
3/23/1999,101.12
3/30/1999,90.72
4/6/1999,95.13
4/13/1999,85.03
4/20/1999,98.33
4/27/1999,108.62
5/4/1999,116.91
5/11/1999,115.91
5/18/1999,134.9
5/25/1999,109.91
6/1/1999,130.89
6/8/1999,100.32
6/15/1999,116.9
6/22/1999,147.88
6/29/1999,157.88
7/6/1999,126.9
7/13/1999,136.88
7/20/1999,161.87
7/27/1999,162.87
8/3/1999,193.84
8/10/1999,155.87
8/17/1999,177.86
8/24/1999,164.87
8/31/1999,182.86
9/7/1999,189.85
9/14/1999,176.86
9/21/1999,116.91
9/28/1999,143.89
10/5/1999,119.9
10/12/1999,122.9
10/19/1999,118.9
10/26/1999,114.91
11/2/1999,121.9
11/9/1999,115.9
11/16/1999,129.91
11/23/1999,118.91
11/30/1999,102.91
12/7/1999,119.91
12/14/1999,120.91
12/21/1999,117.52
12/28/1999,131.9
1/4/2000,112.52
1/11/2000,121.91
1/18/2000,112.9
1/25/2000,130.9
2/1/2000,122.9
2/8/2000,126.9
2/15/2000,117.9
2/22/2000,123.9
2/29/2000,95.52
3/7/2000,116.91
3/14/2000,116.91
3/21/2000,110.91
3/28/2000,62.25
4/4/2000,70.75
4/11/2000,95.63
4/18/2000,93.84
4/25/2000,81.24
5/2/2000,79.13
5/9/2000,75.74
5/16/2000,103.73
5/23/2000,108.82
5/30/2000,113.02
6/6/2000,123.91
6/13/2000,118.91
6/20/2000,126.9
6/27/2000,125.89
7/5/2000,139.88
7/11/2000,151.88
7/18/2000,147.88
7/25/2000,153.87
8/1/2000,161.88
8/8/2000,149.88
8/15/2000,140.88
8/22/2000,145.88
8/29/2000,155.87
9/5/2000,152.87
9/13/2000,149.87
9/19/2000,145.88
9/26/2000,148.88
10/3/2000,158.88
10/10/2000,135.89
10/17/2000,135.89
10/24/2000,141.89
10/31/2000,126.89
11/7/2000,116.9
11/14/2000,117.9
11/21/2000,124.9
11/28/2000,111.91
12/5/2000,112.9
12/19/2000,88.13
12/26/2000,113.12
1/2/2001,100.61
1/9/2001,116.91
1/16/2001,109.91
1/23/2001,118.91
1/31/2001,111.91
2/6/2001,126.91
2/13/2001,109.91
2/20/2001,122.91
2/27/2001,121.91
3/7/2001,128.9
3/13/2001,122.9
3/20/2001,116.91
3/27/2001,123.91
4/3/2001,114.9
4/10/2001,109.12
4/17/2001,92.83
4/24/2001,50.77
5/1/2001,61.55
5/8/2001,86.63
5/15/2001,104.62
5/22/2001,123.91
5/29/2001,119.91
6/5/2001,97.32
6/12/2001,126.9
6/19/2001,131.89
6/26/2001,148.89
7/3/2001,150.88
7/10/2001,155.88
7/17/2001,149.89
7/24/2001,169.87
8/1/2001,168.86
8/7/2001,173.86
8/14/2001,179.85
8/21/2001,194.84
8/28/2001,196.85
9/4/2001,175.86
9/11/2001,178.86
9/18/2001,149.88
9/25/2001,111.9
10/2/2001,167.87
10/9/2001,123.9
10/16/2001,119.9
10/23/2001,119.91
10/30/2001,108.91
11/6/2001,102.62
11/13/2001,120.91
11/20/2001,102.12
11/27/2001,101.61
12/4/2001,106.92
12/11/2001,116.91
12/18/2001,98.32
12/26/2001,103.91
1/2/2002,118.91
1/8/2002,111.91
1/15/2002,114.91
1/22/2002,107.91
1/29/2002,120.91
2/5/2002,114.91
2/12/2002,114.91
2/19/2002,109.91
2/26/2002,113.32
3/5/2002,110.82
3/12/2002,104.03
3/19/2002,108.72
3/26/2002,101.52
4/2/2002,98.03
4/9/2002,79.765
4/12/2002,62.2
4/13/2002,67.6
4/15/2002,61.1
4/16/2002,53.2
4/17/2002,49.48
4/21/2002,89.4
4/23/2002,91.34
4/30/2002,90.74
5/7/2002,84.93
5/14/2002,69.84
5/21/2002,85.73
5/28/2002,103.52
6/4/2002,100.32
6/11/2002,118.91
6/18/2002,108.92
6/25/2002,110.91
7/2/2002,110.91
7/9/2002,98.32
7/15/2002,125.9
7/23/2002,126.9
7/30/2002,128.9
8/6/2002,153.88
8/13/2002,147.88
8/20/2002,165.87
8/27/2002,168.87
9/3/2002,159.86
9/10/2002,170.86
9/17/2002,136.89
9/24/2002,154.87
10/1/2002,138.89
10/8/2002,120.9
10/15/2002,132.89
10/22/2002,126.91
10/29/2002,116.91
11/5/2002,130.9
11/12/2002,103.91
11/19/2002,103.11
11/26/2002,97.72
12/3/2002,105.91
12/10/2002,120.91
12/17/2002,123.91
12/23/2002,87.42
12/30/2002,108.91
1/7/2003,116.31
1/14/2003,119.11
1/21/2003,121.9
1/28/2003,115.7
2/4/2003,121.3
2/11/2003,117.7
2/18/2003,134.7
2/25/2003,120.11
3/5/2003,122.3
3/11/2003,133.1
3/18/2003,107.92
3/25/2003,85.53
4/1/2003,78.73
4/8/2003,92.12
4/15/2003,69.95
4/22/2003,86.73
4/29/2003,87.33
5/6/2003,104.93
5/13/2003,94.53
5/20/2003,103.52
5/27/2003,108.31
6/3/2003,126.51
6/10/2003,120.7
6/17/2003,117.7
6/24/2003,131.49
7/1/2003,148.28
7/8/2003,160.47
7/15/2003,153.07
7/22/2003,152.68
7/29/2003,150.08
8/5/2003,150.47
8/12/2003,125.49
8/19/2003,145.28
8/26/2003,163.48
9/2/2003,161.67
9/9/2003,147.27
9/16/2003,157.07
9/23/2003,90.32
9/30/2003,140.69
10/7/2003,137.49
10/14/2003,155.48
10/21/2003,82.73
10/28/2003,101.52
11/4/2003,96.72
11/10/2003,95.92
11/18/2003,94.32
11/25/2003,96.13
12/2/2003,94.93
12/9/2003,104.32
12/17/2003,77.34
12/23/2003,96.13
12/30/2003,99.73
1/6/2004,94.13
1/13/2004,93.72
1/20/2004,102.52
1/27/2004,100.52
2/3/2004,117.72
2/10/2004,113.12
2/17/2004,107.11
2/24/2004,111.51
3/3/2004,99.73
3/9/2004,91.12
3/16/2004,100.92
3/18/2004,106.7
3/23/2004,106.52
3/30/2004,73.94
4/6/2004,86.34
4/13/2004,82.34
4/20/2004,86.74
4/27/2004,80.13
5/4/2004,87.73
5/10/2004,94.32
5/18/2004,113.51
5/25/2004,101.33
6/1/2004,105.72
6/8/2004,113.72
6/15/2004,120.11
6/22/2004,127.5
6/29/2004,126.7
7/6/2004,140.5
7/13/2004,122.5
7/20/2004,128.3
7/27/2004,143.29
8/3/2004,94.72
8/10/2004,147.49
8/17/2004,141.89
8/24/2004,136.7
8/31/2004,116.31
9/7/2004,122.49
9/14/2004,123.7
9/21/2004,128.29
9/28/2004,138.29
10/5/2004,132.09
10/12/2004,143.09
10/19/2004,126.7
10/26/2004,123.7
11/2/2004,128.5
11/9/2004,107.51
11/16/2004,118.31
11/23/2004,110.11
11/30/2004,113.72
12/7/2004,111.71
12/15/2004,116.71
12/20/2004,114.71
12/28/2004,113.31
1/4/2005,119.91
1/11/2005,109.11
1/18/2005,107.51
1/25/2005,124.31
2/1/2005,123.11
2/8/2005,118.71
2/15/2005,108.11
2/22/2005,112.31
2/28/2005,108.91
3/9/2005,118.71
3/15/2005,112.31
3/22/2005,120.31
3/29/2005,95.32
4/5/2005,94.54
4/12/2005,80.14
4/19/2005,80.33
4/26/2005,89.93
5/3/2005,91.73
5/10/2005,109.52
5/17/2005,98.12
5/24/2005,93.12
5/31/2005,105.11
6/7/2005,132.9
6/14/2005,127.49
6/21/2005,106.71
6/28/2005,119.1
7/5/2005,126.69
7/12/2005,131.69
7/19/2005,143.08
7/26/2005,156.88
8/2/2005,152.08
8/9/2005,163.27
8/16/2005,172.87
8/23/2005,143.49
8/30/2005,141.28
9/6/2005,134.89
9/13/2005,133.69
9/27/2005,134.69
10/4/2005,134.88
10/11/2005,118.9
10/18/2005,92.12
10/25/2005,87.33
11/1/2005,92.72
11/8/2005,111.92
11/15/2005,111.32
11/23/2005,90.72
11/29/2005,81.13
12/6/2005,93.32
12/13/2005,113.52
12/20/2005,105.12
12/27/2005,94.33
1/3/2006,107.32
1/10/2006,106.52
1/17/2006,102.13
1/24/2006,95.53
1/31/2006,90.72
2/7/2006,80.73
2/14/2006,103.32
2/21/2006,108.72
2/28/2006,106.92
3/8/2006,108.12
3/14/2006,72.34
3/21/2006,92.92
3/28/2006,106.32
4/4/2006,81.14
4/12/2006,88.53
4/18/2006,91.13
4/25/2006,82.73
5/2/2006,111.32
5/9/2006,109.32
5/16/2006,104.32
5/23/2006,91.13
5/30/2006,100.12
6/6/2006,100.52
6/13/2006,112.32
6/20/2006,124.11
6/27/2006,91.72
7/5/2006,118.11
7/11/2006,125.5
7/18/2006,121.1
7/25/2006,132.69
8/1/2006,143.89
8/8/2006,122.49
8/15/2006,139.09
8/22/2006,127.7
8/29/2006,126.69
9/5/2006,131.09
9/13/2006,151.69
9/19/2006,148.08
9/26/2006,152.69
10/3/2006,118.1
10/10/2006,133.69
10/17/2006,127.3
10/24/2006,115.52
10/31/2006,96.72
11/7/2006,113.32
11/15/2006,102.72
11/21/2006,116.11
11/28/2006,117.31
12/5/2006,95.12
12/12/2006,116.51
12/19/2006,119.71
12/27/2006,113.12
1/3/2007,116.31
1/9/2007,88.33
1/16/2007,111.92
1/23/2007,90.12
1/30/2007,117.91
2/6/2007,110.91
2/13/2007,116.31
2/20/2007,112.91
2/27/2007,116.71
3/7/2007,127.31
3/13/2007,116.31
3/20/2007,112.11
3/27/2007,95.92
4/3/2007,94.32
4/10/2007,102.72
4/17/2007,96.93
4/24/2007,64.76
5/1/2007,65.14
5/8/2007,81.13
5/15/2007,92.52
5/22/2007,102.53
5/29/2007,104.52
6/5/2007,107.92
6/12/2007,122.91
6/19/2007,134.5
6/26/2007,111.3
7/3/2007,134.1
7/10/2007,104.71
7/17/2007,125.9
7/24/2007,130.3
7/31/2007,143.89
8/7/2007,120.7
8/14/2007,144.29
8/21/2007,138.69
8/28/2007,139.49
9/4/2007,149.88
9/11/2007,147.08
9/18/2007,138.29
9/25/2007,151.88
10/2/2007,149.89
10/9/2007,142.29
10/16/2007,132.3
10/24/2007,99.12
10/31/2007,120.51
11/6/2007,96.53
11/13/2007,107.31
11/19/2007,97.32
11/27/2007,86.53
12/4/2007,95.12
12/11/2007,117.95
12/18/2007,112.7
12/26/2007,100.255
1/2/2008,102.61
1/8/2008,88.845
1/15/2008,115.105
1/22/2008,116.2
1/29/2008,108.88
2/7/2008,110.81
2/12/2008,116.605
2/19/2008,96.465
2/26/2008,107.475
3/3/2008,106.23
3/11/2008,100.885
3/18/2008,111.69
3/25/2008,116.615
4/1/2008,107.765
4/6/2008,102.235
4/7/2008,95.03
4/8/2008,104.91
4/12/2008,77.78
4/15/2008,83.49
4/17/2008,73.63
4/19/2008,67.41333333
4/22/2008,65.625
4/28/2008,74.83
4/29/2008,58.85
4/30/2008,68.43
5/6/2008,94.965
5/13/2008,105.525
5/20/2008,108.245
5/27/2008,109.07
6/3/2008,117.155
6/4/2008,106.5633333
6/6/2008,109.415
6/10/2008,128.095
6/15/2008,114.175
6/17/2008,118.485
6/22/2008,114.73
6/23/2008,112.6775
6/24/2008,113.284
6/29/2008,122.125
7/1/2008,136.535
7/3/2008,116.09
7/4/2008,135.59
7/8/2008,133.025
7/9/2008,98.302
7/15/2008,129.1
7/22/2008,117.51
7/29/2008,98.52
8/5/2008,97.92
8/12/2008,108.52
8/19/2008,108.91
8/26/2008,128.5
9/2/2008,135.49
9/9/2008,137.636
9/16/2008,138.125
9/23/2008,149.5833333
9/24/2008,150.295
9/25/2008,156.21
9/26/2008,154.98
9/27/2008,136.785
9/28/2008,145.44
9/29/2008,147.62
9/30/2008,152.222
10/1/2008,143.422
10/2/2008,128.615
10/3/2008,141.225
10/4/2008,132.95
10/5/2008,144.945
10/6/2008,147.67
10/7/2008,147.8666667
10/8/2008,141.12
10/9/2008,151.06
10/10/2008,144.41
10/11/2008,153.87
10/12/2008,136.47
10/13/2008,155.37
10/14/2008,147.44
10/15/2008,156.58
10/16/2008,140.225
10/17/2008,131.8966667
10/18/2008,143.58
10/19/2008,138.45
10/20/2008,135.33
10/21/2008,141.4933333
10/22/2008,128.824
10/23/2008,138.18
10/24/2008,135.13
10/25/2008,135.965
10/26/2008,86.48333333
10/27/2008,114.98
10/28/2008,129.4233333
11/3/2008,128.75
11/4/2008,111.11
11/10/2008,113.35
11/18/2008,125.915
11/26/2008,93.06
12/2/2008,101.71
12/9/2008,115.915
12/16/2008,92.725
12/23/2008,119.18
12/30/2008,108.12
1/6/2009,103.29
1/13/2009,111.005
1/20/2009,123.27
1/27/2009,113.605
2/2/2009,125.345
2/11/2009,110.595
2/17/2009,114.96
2/24/2009,116.915
3/4/2009,108.275
3/7/2009,111.77
3/10/2009,113.065
3/11/2009,82.56666667
3/17/2009,99.73666667
3/19/2009,102.75
3/20/2009,115.31
3/25/2009,119.125
3/27/2009,92.34
3/28/2009,97.75333333
3/29/2009,94.7225
3/30/2009,81.81666667
3/31/2009,97.78333333
4/1/2009,101.64
4/2/2009,92.395
4/3/2009,65.77333333
4/4/2009,85.64
4/5/2009,81.81
4/6/2009,87.37666667
4/7/2009,87.15
4/8/2009,94.95
4/9/2009,89.77
4/10/2009,85.6
4/11/2009,79.33
4/12/2009,100.4
4/13/2009,98.1
4/14/2009,95.45333333
4/15/2009,90.08
4/16/2009,91.18
4/17/2009,96.76
4/18/2009,82.51
4/19/2009,87.67
4/20/2009,86.16
4/21/2009,81.01
4/23/2009,84.92
4/28/2009,104.36
4/30/2009,103.65
5/2/2009,90.665
5/5/2009,107.725
5/7/2009,93.35
5/9/2009,92.526
5/10/2009,90.91
5/12/2009,104.24
5/16/2009,96.81
5/17/2009,93.75
5/19/2009,100.49
5/26/2009,115.155
5/29/2009,105.42
5/30/2009,99.32
6/2/2009,119.71
6/9/2009,107.67
6/10/2009,124.245
6/12/2009,118.03
6/15/2009,84.24142857
6/16/2009,118.995
6/23/2009,120.215
6/29/2009,107.785
6/30/2009,119.73
7/2/2009,110.34
7/4/2009,101.315
7/7/2009,109.31
7/14/2009,115.51
7/18/2009,106.5933333
7/21/2009,114.07
7/24/2009,120.39
7/28/2009,124.15
7/29/2009,83.94625
7/30/2009,88.53
8/4/2009,123.9
8/11/2009,130.9
8/18/2009,136.125
8/21/2009,143.655
8/25/2009,144.295
9/1/2009,153.72
9/8/2009,147.78
9/15/2009,151.395
9/23/2009,138.79
9/27/2009,122.06
9/29/2009,126.905
10/3/2009,111.53
10/6/2009,125.315
10/7/2009,119.6733333
10/13/2009,121.28
10/20/2009,142.835
10/24/2009,91.58333333
10/25/2009,112.96
10/28/2009,130.88
10/31/2009,116.68
11/4/2009,129.11
11/10/2009,122.1
11/17/2009,105.11
11/20/2009,87.808
11/24/2009,125.23
11/28/2009,91.11
12/1/2009,103.47
12/3/2009,77.18142857
12/8/2009,108.42
12/16/2009,100.775
12/22/2009,108.19
12/29/2009,105.58
1/5/2010,114.125
1/12/2010,100.51
1/19/2010,117.265
1/26/2010,88.81
2/2/2010,119.91
2/9/2010,104.31
2/16/2010,121.11
2/23/2010,119.51
3/2/2010,116.91
3/9/2010,100.26
3/16/2010,107.71
3/24/2010,92.355
3/30/2010,79.305
4/6/2010,102.42
4/13/2010,91.46
4/20/2010,83.015
4/26/2010,101.995
5/4/2010,90.055
5/11/2010,102.66
5/18/2010,111.905
5/25/2010,114.955
6/1/2010,119.9275
6/5/2010,126.83
6/6/2010,113.656
6/8/2010,121.26
6/10/2010,100.065
6/15/2010,129.965
6/17/2010,129.79
6/20/2010,120.485
6/22/2010,126.575
6/23/2010,129.93
6/24/2010,116.98
6/28/2010,120.05
6/29/2010,128.2
7/6/2010,132.89
7/13/2010,143.29
7/19/2010,146.265
7/20/2010,143.34
7/21/2010,119.2383333
7/27/2010,155.135
8/2/2010,136.7
8/3/2010,155.57
8/4/2010,110.92375
8/9/2010,142.675
8/10/2010,150.925
8/16/2010,143.315
8/17/2010,154.0233333
8/19/2010,128.1966667
8/24/2010,150.255
8/31/2010,164.98
9/7/2010,172.01
9/14/2010,164.545
9/15/2010,146.435
9/16/2010,149.59
9/17/2010,129.15
9/21/2010,147.4
9/29/2010,160.345
9/30/2010,105.409
10/1/2010,86.09666667
10/5/2010,126.53
10/7/2010,114.53
10/12/2010,137.605
10/15/2010,86.19166667
10/19/2010,119.07
10/26/2010,131.115
10/27/2010,114.9266667
11/2/2010,117.805
11/5/2010,102.255
11/9/2010,118.495
11/16/2010,115.755
11/17/2010,94.8
11/23/2010,88.97
11/30/2010,110.95
12/1/2010,71.76
12/4/2010,82.65
12/7/2010,108.51
12/14/2010,98.24
12/21/2010,113.965
12/28/2010,115.165
1/4/2011,108.39
1/11/2011,109.84
1/20/2011,128.54
1/25/2011,120.31
2/1/2011,120.595
2/9/2011,123.1
2/15/2011,124.205
2/22/2011,126.7
3/1/2011,129.71
3/8/2011,105.145
3/15/2011,105.98
3/23/2011,121.035
3/29/2011,107.83
4/5/2011,106.065
4/10/2011,75.7
4/11/2011,62.918
4/12/2011,70.97
4/16/2011,87.18
4/17/2011,68.69
4/19/2011,88.58
4/20/2011,61.336
4/22/2011,73.15
4/26/2011,65.58
4/27/2011,57.59
4/29/2011,76.24
5/2/2011,73.335
5/10/2011,92.675
5/15/2011,85.13333333
5/16/2011,85.94
5/17/2011,84.715
5/20/2011,91.055
5/21/2011,103.372
5/24/2011,107.36
5/26/2011,81.60666667
5/27/2011,70.68
5/28/2011,87.8475
5/30/2011,97.77
5/31/2011,97.475
6/7/2011,110.635
6/9/2011,122.945
6/11/2011,114.68
6/12/2011,98.01
6/14/2011,103.345
6/18/2011,120.115
6/21/2011,124.05
6/24/2011,128.19
6/26/2011,112.51
6/29/2011,125.9
7/5/2011,130.95
7/6/2011,142.09
7/11/2011,144.59
7/12/2011,124.898
7/17/2011,159.22
7/18/2011,144.28
7/19/2011,143.67
7/24/2011,187.67
7/26/2011,144.1633333
7/30/2011,156.6
7/31/2011,158.68
8/9/2011,175.9333333
8/14/2011,169.175
8/15/2011,128.7
8/16/2011,108.22
8/17/2011,134.89
8/21/2011,157.175
8/23/2011,138.495
8/25/2011,162.2
8/26/2011,147.11
8/28/2011,86.16333333
8/29/2011,86.3
9/4/2011,131.75
9/5/2011,115.49
9/6/2011,101.72
9/7/2011,126.985
9/13/2011,124
9/14/2011,132.51
9/20/2011,130.5
9/27/2011,128.49
9/29/2011,109.262
9/30/2011,113.96
10/1/2011,113.23
10/2/2011,113.2733333
10/5/2011,122.57
10/11/2011,119.5
10/17/2011,119.78
10/20/2011,122.35
10/22/2011,125.08
10/24/2011,126.65
10/25/2011,123.56
11/2/2011,114.32
11/8/2011,124.5
11/15/2011,126.88
11/22/2011,131.71
11/23/2011,119.62
11/30/2011,82.615
12/6/2011,126.39
12/13/2011,126.73
12/15/2011,78.845
12/16/2011,77.32
12/20/2011,101.24
12/27/2011,106.26
2/7/2012,136.28
2/14/2012,140.34
2/21/2012,119.83
2/29/2012,112.33
3/6/2012,121.98
3/13/2012,78.085
3/18/2012,75.12
3/19/2012,72.355
3/20/2012,90.98
3/27/2012,98.01
4/3/2012,114.46
4/9/2012,91.83
4/10/2012,93.87
4/17/2012,124.31
4/21/2012,98.86
4/22/2012,99.89
4/23/2012,80.18333333
4/24/2012,98.05
5/1/2012,110.13
5/8/2012,88.095
5/9/2012,97.27
5/15/2012,98.58
5/16/2012,101.19
5/22/2012,117.4
5/29/2012,101.9316667
5/30/2012,125.045
6/2/2012,107.01
6/12/2012,130.89
6/19/2012,131.18
6/25/2012,121.078
6/26/2012,147.48
7/2/2012,144.175
7/3/2012,146.13
7/4/2012,92.18333333
7/5/2012,126.05
7/10/2012,142.81
7/15/2012,141.11
7/17/2012,141.52
7/18/2012,147.3
7/24/2012,108.8771429
7/31/2012,160.23
8/5/2012,173.1
8/9/2012,142.91
8/10/2012,93.35666667
8/13/2012,160.42
8/20/2012,161.2
8/28/2012,176.255
9/4/2012,168.64
9/5/2012,107.5042857
9/8/2012,147.7966667
9/10/2012,157.99
9/18/2012,89.645
9/25/2012,145.69
9/26/2012,144.55
9/27/2012,136.44
9/30/2012,138.7
10/1/2012,137.61
10/2/2012,143.45
10/4/2012,130.32
10/9/2012,146.1
10/10/2012,123.58
10/15/2012,126.7
10/17/2012,143.74
10/19/2012,112.81
10/20/2012,109.85
10/23/2012,134.97
10/30/2012,108.1716667
10/31/2012,104.045
11/6/2012,141.05
11/13/2012,104.395
11/20/2012,134.64
11/27/2012,134.15
12/2/2012,105.49
12/3/2012,112.68
12/4/2012,115.43
12/5/2012,106.9133333
12/10/2012,98.155
12/11/2012,105.64
12/19/2012,110.53
12/21/2012,101.575
12/24/2012,125.52
1/2/2013,128.25
1/8/2013,125.19
1/15/2013,109.81
1/22/2013,127.35
1/29/2013,127.56
2/5/2013,122.71
3/5/2013,130.6
3/12/2013,81.785
3/13/2013,100.89
4/2/2013,107.75
4/15/2013,105.3733333
4/16/2013,74.54
4/17/2013,77.94
4/18/2013,88.95
4/19/2013,59.305
4/20/2013,106.86
4/21/2013,95.47
4/22/2013,94.37
4/23/2013,97.24
4/24/2013,85.2
4/25/2013,90.695
4/26/2013,103.11
5/7/2013,120.58
5/21/2013,95.73
5/25/2013,95.23
6/1/2013,116.03
6/2/2013,118.95
6/4/2013,125.96
6/11/2013,86.05666667
6/25/2013,84.51666667
7/1/2013,80.275
7/2/2013,87.755
7/23/2013,111.3
7/29/2013,97.73
8/6/2013,150.24
9/4/2013,150.85
9/12/2013,112.3
9/13/2013,75.78666667
9/22/2013,109.825
10/1/2013,144
10/7/2013,129.6
10/8/2013,127.95
10/31/2013,123.11
11/1/2013,102.3166667
11/5/2013,125.54
11/18/2013,108.82
12/3/2013,127.77
1/8/2014,108.58
2/4/2014,123.81
3/4/2014,128.02
4/1/2014,123.92
4/13/2014,90.82
4/14/2014,58.355
4/15/2014,55.31
4/16/2014,70.87
5/6/2014,97.68
5/24/2014,91.7
6/3/2014,121.65
6/12/2014,113.67
6/17/2014,135.68
6/18/2014,139.16
6/24/2014,144.59
6/25/2014,124.82
7/2/2014,141.91
7/3/2014,71.8
7/4/2014,121.285
7/13/2014,142.94
7/14/2014,138.965
7/16/2014,113.96
7/23/2014,83.38
7/27/2014,142.61
7/28/2014,116.085
8/5/2014,165.47
8/13/2014,123.8128571
9/1/2014,169.68
10/4/2014,131.06
10/6/2014,146.44
10/8/2014,121.4166667
10/16/2014,121.54
10/18/2014,124.28
10/23/2014,111.4066667
10/25/2014,131.4
10/26/2014,127.19
11/4/2014,147.75
11/24/2014,115.3833333
11/25/2014,92.56
12/2/2014,132.37
1/6/2015,121.71
1/14/2015,121.5
1/26/2015,126.3
2/3/2015,134.69
3/3/2015,134.94
3/25/2015,140.49
4/7/2015,125.22
4/12/2015,98.99
4/13/2015,73.335
4/14/2015,79.215
4/16/2015,101.62
4/18/2015,74.875
4/19/2015,70.17
4/21/2015,70.805
4/22/2015,74.6025
4/23/2015,85.105
5/5/2015,114.645
5/11/2015,101.01
5/12/2015,107.92
5/20/2015,115.91
5/27/2015,134.1
6/2/2015,102.91
6/9/2015,109.09
6/16/2015,123.71
6/22/2015,112.5833333
6/23/2015,100.975
6/29/2015,129.71
7/6/2015,129.695
7/15/2015,132.2525
7/19/2015,60.67454545
7/20/2015,87.75
7/21/2015,123.79
7/22/2015,123.3
7/29/2015,139.29
8/4/2015,153.7233333
8/11/2015,126.49
8/17/2015,161.27
8/24/2015,168.07
9/1/2015,171.11
9/8/2015,182.06
9/13/2015,150.072
9/14/2015,132.83
9/15/2015,157.24
9/22/2015,170.07
9/27/2015,159.66
9/29/2015,154.5066667
9/30/2015,97.026
10/6/2015,143.935
10/14/2015,147.28
10/21/2015,152.08
10/26/2015,153.68
10/29/2015,108.09
11/2/2015,141.29
11/9/2015,131.69
11/16/2015,131.29
11/19/2015,123.03
11/20/2015,106.31
11/23/2015,130.89
12/1/2015,146.045
12/2/2015,110.225
12/8/2015,130.7
12/16/2015,119.7
12/22/2015,112.01
12/23/2015,112.96
12/24/2015,106.765
12/28/2015,109.71
1/6/2016,106.35
1/10/2016,82.19714286
1/11/2016,88.82
1/12/2016,119.11
1/19/2016,98.33
1/26/2016,117.9
2/2/2016,126.195
2/9/2016,121.5
2/17/2016,113.12
2/23/2016,120.1
2/25/2016,83.73
3/1/2016,117.98
3/8/2016,109.91
3/9/2016,100.6
3/10/2016,74.57
3/11/2016,96.79
3/15/2016,106.52
3/22/2016,100.32
3/29/2016,107.94
4/1/2016,81.014
4/5/2016,101.58
4/7/2016,76.73
4/12/2016,76.87
5/2/2016,109.52
5/3/2016,108.435
5/8/2016,117.235
5/10/2016,110.21
5/13/2016,102.58
5/14/2016,116.05
5/15/2016,98.21
5/17/2016,103.41
5/23/2016,131.5
5/30/2016,122.61
6/1/2016,137.075
6/5/2016,94.55222222
6/13/2016,132.41
6/14/2016,137.1
6/21/2016,157.68
6/28/2016,92.931
6/29/2016,132.335
7/4/2016,158.38
7/7/2016,140.08
7/9/2016,139.755
7/12/2016,151.38
7/14/2016,132.5275
7/17/2016,148.18
7/18/2016,136.87
7/22/2016,120.84
7/23/2016,105.74
7/24/2016,142.66
8/1/2016,120.6625
8/2/2016,145.44
8/8/2016,159.47
8/12/2016,170.28
8/13/2016,163.35
8/14/2016,163.59
8/15/2016,162.06
8/16/2016,93.62833333
8/17/2016,99.94
8/21/2016,132.88
8/22/2016,124.7275
8/29/2016,160.97
9/7/2016,173.54
9/11/2016,150.6375
9/12/2016,155.17
9/20/2016,173.46
9/23/2016,162.0266667
9/27/2016,168.87
10/4/2016,161.07
10/12/2016,178.36
10/18/2016,178.96
10/21/2016,108.096
10/22/2016,112.9
10/26/2016,144.89
10/29/2016,102.725
11/1/2016,135.3
11/3/2016,103.64
11/9/2016,140.79
11/15/2016,141.69
11/22/2016,123.89
11/28/2016,119.01
11/29/2016,110.74
12/7/2016,124.845
12/13/2016,123.6
1/4/2017,119.99
1/10/2017,131.5
1/17/2017,130.7
1/25/2017,121.7
1/30/2017,129.525
2/5/2017,126.6
2/14/2017,126
2/21/2017,132.5
2/28/2017,99.5
3/7/2017,121.38
3/13/2017,109.61
3/20/2017,109.91
3/29/2017,103.24
4/3/2017,106.93
4/7/2017,96.01
4/10/2017,77.06
4/11/2017,79.905
4/12/2017,73.45
4/13/2017,77.15
4/15/2017,78.15
4/16/2017,59.44
4/17/2017,72.77666667
4/18/2017,76.45
4/21/2017,73.57
4/24/2017,87.865
5/1/2017,93.3225
5/5/2017,102.645
5/7/2017,97.335
5/9/2017,97.86
5/16/2017,99.01
5/22/2017,99.595
5/24/2017,116.01
5/30/2017,118.08
5/31/2017,111.465
6/4/2017,120.135
6/5/2017,107.355
6/8/2017,111.95
6/13/2017,139.2
6/19/2017,96.57625
6/20/2017,113.952
6/23/2017,126.585
6/27/2017,120.76
6/28/2017,117.825
6/29/2017,106.69
6/30/2017,96.88
7/1/2017,106.05
7/3/2017,129.105
7/12/2017,124.39
7/17/2017,140.19
7/26/2017,144.68
7/31/2017,157.48
8/9/2017,152.38
8/16/2017,151.68
8/23/2017,154.48
8/30/2017,166.77
9/4/2017,137.29
9/12/2017,153.26
9/19/2017,150.38
9/27/2017,177.1
10/3/2017,154.08
10/10/2017,136.7
10/16/2017,147.01
10/23/2017,157.41
10/31/2017,116.18
11/6/2017,99.5
11/13/2017,128.71
11/20/2017,107.91
11/27/2017,124.68
12/4/2017,115.63
12/11/2017,128.83
12/19/2017,111.42
12/27/2017,115.92
1/2/2018,126.58
1/8/2018,93.53
1/15/2018,115.86
1/22/2018,77.58
1/30/2018,88.25
2/5/2018,95.31
2/13/2018,125.24
2/19/2018,128.58
2/27/2018,113.08
3/5/2018,106.38
3/17/2018,125.47
3/27/2018,115.85
4/2/2018,116.3
4/11/2018,102
4/18/2018,98.71
4/26/2018,66.98
4/30/2018,64.92
5/9/2018,84.25
5/14/2018,99.99
5/21/2018,112.76
5/28/2018,119.31
6/7/2018,140.35
6/18/2018,135.1
6/25/2018,134.28
7/2/2018,139.41
7/16/2018,146.04
7/25/2018,166.31
7/30/2018,134.66
8/7/2018,155.37
8/13/2018,161.79
8/21/2018,156.76
8/27/2018,160.1
9/5/2018,156.71
9/11/2018,141.73
9/19/2018,157.88
9/24/2018,162.33
10/3/2018,134.42
10/10/2018,149.62
10/16/2018,128.86
10/22/2018,126.69
10/29/2018,121.8
11/5/2018,118.06
11/14/2018,108.44
11/19/2018,128.31
11/28/2018,111.82
12/3/2018,95.08
12/11/2018,117.36
12/26/2018,95.5
1/2/2019,120.56
1/7/2019,120.14
1/15/2019,108.56
1/25/2019,69.29
1/29/2019,103.76
2/6/2019,97.24
2/12/2019,103.81
2/20/2019,126.48
2/27/2019,121.76
3/5/2019,120.1
3/13/2019,128.34
3/19/2019,112.45
3/26/2019,99.68
4/1/2019,104.21
4/8/2019,100.05
4/15/2019,71.82
4/22/2019,61.42
5/1/2019,91.37
5/8/2019,98.51
5/13/2019,88.75
5/21/2019,93.28
5/29/2019,103.24
6/4/2019,105.66
6/12/2019,99.05
6/19/2019,118.63
6/26/2019,117.14
7/3/2019,127.54
7/10/2019,139.17
7/16/2019,148.99
7/24/2019,138.36
7/30/2019,163.99
8/6/2019,150.16
8/13/2019,145.11
8/20/2019,154.09
8/27/2019,151.49
9/3/2019,148.36
9/10/2019,149.74
9/17/2019,150.18
9/24/2019,124.2
10/1/2019,141.91
10/8/2019,105.15
10/15/2019,134.9
10/21/2019,126.43
10/28/2019,113.97
11/4/2019,118.31
11/13/2019,108.97
11/18/2019,119.47
11/26/2019,109.13
12/3/2019,109.4
12/11/2019,102.29
12/18/2019,114.86
12/23/2019,110.08
1/2/2020,106.3
1/8/2020,118.89
1/13/2020,89.45
1/22/2020,122.64
1/29/2020,119.48
2/5/2020,128.34
2/11/2020,100.76
2/17/2020,113.29
2/24/2020,118.39
3/2/2020,114.28
3/11/2020,84.44
3/16/2020,100.01
3/24/2020,112.12
3/31/2020,88.76
4/7/2020,87.06
4/15/2020,92.16
4/23/2020,77.71
4/28/2020,78.23
5/6/2020,102.84
5/12/2020,77.97
5/19/2020,100.18
5/27/2020,114.23
6/2/2020,118.08
6/9/2020,126.72
6/16/2020,143.94
6/22/2020,146.14
7/1/2020,121.07
7/7/2020,152.37
7/11/2020,193.1304203
7/12/2020,122.2832067
7/13/2020,145.43
7/14/2020,101.0253383
7/19/2020,148.0905079
7/21/2020,148.39
7/28/2020,146.96
8/3/2020,175.17
8/4/2020,113.3611672
8/5/2020,135.4222725
8/12/2020,152.33
8/18/2020,140.7559322
8/19/2020,155.11
8/26/2020,161.5
8/29/2020,171.1732643
9/1/2020,159.58
9/8/2020,165.68
9/14/2020,170.18
9/22/2020,164.1
9/28/2020,185.22
9/29/2020,163.3227931
9/30/2020,88.82078315
10/6/2020,153.98
10/10/2020,94.80092792
10/13/2020,107.5539312
10/14/2020,114.82
10/16/2020,95.68529342
10/17/2020,93.66339304
10/19/2020,121.97
10/27/2020,121.04
11/4/2020,117.93
11/10/2020,116.84
11/15/2020,92.23647173
11/16/2020,104.0990982
11/17/2020,116.68
11/23/2020,103.0712589
11/24/2020,111.02
11/30/2020,85.31647012
12/1/2020,92.7
12/8/2020,108.01
12/15/2020,120.75
12/22/2020,104.19
12/24/2020,95.89790116
12/25/2020,80.02325499
12/26/2020,90.93533229
12/28/2020,89.91
1/5/2021,117.6
1/12/2021,106.43
1/19/2021,118.68
1/26/2021,129.08
2/3/2021,125.65
2/10/2021,127.96
2/17/2021,113.19
2/24/2021,113.16
3/3/2021,129.24
3/4/2021,121.3548865
3/9/2021,120.38
3/16/2021,112.4
3/23/2021,91.8
3/25/2021,76.08080275
3/29/2021,78.28
4/5/2021,92.56
4/12/2021,114.84
4/19/2021,91.88
4/26/2021,95.1
4/29/2021,96.09295205
4/30/2021,84.05084597
5/3/2021,96.4
5/11/2021,111.36
5/17/2021,115.6853839
5/18/2021,106.41
5/25/2021,136.56
6/1/2021,130.18
6/9/2021,142.93
6/16/2021,141.22
6/19/2021,148.8456966
6/21/2021,144.4750731
6/29/2021,167.39
7/3/2021,117.3240961
7/6/2021,156.23
7/9/2021,132.119763
7/10/2021,145.6169082
7/13/2021,143.14
7/17/2021,152.4135959
7/18/2021,106.3637906
7/19/2021,113.65
7/25/2021,123.9889064
7/26/2021,141
8/2/2021,119.65
8/9/2021,159.75
8/14/2021,132.1432686
8/17/2021,152.05
8/24/2021,163.3
8/30/2021,114.7889868
8/31/2021,152.88
9/6/2021,162.4250983
9/7/2021,153.52
9/8/2021,121.4026882
9/9/2021,151.7338107
9/13/2021,159.18
9/21/2021,173.74
9/27/2021,156.4413409
9/28/2021,160.87
10/5/2021,143.16
10/12/2021,164.09
10/16/2021,119.4274815
10/17/2021,131.85708
10/18/2021,131.012423
10/19/2021,133.25
10/27/2021,130.08
10/31/2021,93.4884313
11/2/2021,120.04
11/9/2021,124.33
11/12/2021,112.6334541
11/13/2021,113.7551003
11/14/2021,108.15386
11/18/2021,96.73670344
11/29/2021,124.03
12/6/2021,98.01837344
12/7/2021,97.97
12/11/2021,94.43413228
12/12/2021,90.00190867
12/14/2021,120.75
12/21/2021,118.92
12/27/2021,116.17
1/4/2022,131.48
1/10/2022,125.24
1/18/2022,119.3
1/24/2022,130.82
2/1/2022,112.41
2/8/2022,130.97
2/12/2022,131.33
2/21/2022,94.52
3/1/2022,118.92
3/9/2022,122.09
3/14/2022,112.91
3/22/2022,92.01
3/29/2022,98.23
4/4/2022,105.25
4/7/2022,90.30999025
4/8/2022,86.71306549
4/12/2022,82.6
4/19/2022,96.50414456
4/20/2022,89.81
4/21/2022,101.5055419
4/22/2022,98.6914356
4/25/2022,109.37
5/3/2022,97.95
5/4/2022,95.29224411
5/10/2022,103.48
5/15/2022,113.0399917
5/16/2022,104.2886846
5/17/2022,109.23
5/24/2022,119.65
5/31/2022,123.85
6/2/2022,96.708064
6/3/2022,103.4491756
6/7/2022,137.97
6/12/2022,122.6200825
6/14/2022,126.79
6/21/2022,150.04
6/27/2022,119.3468875
6/29/2022,156.15
7/5/2022,155.4411102
7/6/2022,155.17
7/11/2022,161.17
7/18/2022,166.37
7/19/2022,114.9001518
7/25/2022,143.6667603
7/26/2022,161.21
8/2/2022,172.32
8/8/2022,164.9572259
8/9/2022,179.21
8/16/2022,179.59
8/24/2022,168.12
8/30/2022,177.9
8/31/2022,155.5698543
9/6/2022,126.9797233
9/7/2022,144.63
9/12/2022,171.56
9/18/2022,138.1856991
9/19/2022,103.1261408
9/20/2022,115.9
9/22/2022,107.9498677
9/23/2022,116.9644193
9/26/2022,130.4
10/4/2022,140.81
10/11/2022,154.23
10/13/2022,132.7572039
10/14/2022,90.72842815
10/17/2022,117.09
10/19/2022,122.3693418
10/25/2022,136.98
11/1/2022,140.5
11/6/2022,122.570743
11/7/2022,125.33
11/10/2022,142.7461658
11/11/2022,117.2922442
11/12/2022,99.31146687
11/14/2022,129.9
11/21/2022,129.28
11/27/2022,131.83
12/6/2022,123.94
12/14/2022,117.03
12/21/2022,111.54
12/28/2022,111.23
1/2/2023,100.32
1/10/2023,118.05
1/17/2023,116.41
1/25/2023,115.2
1/31/2023,119.22
2/8/2023,110.14
2/13/2023,116.67
2/21/2023,103.37
2/27/2023,122.91
3/8/2023,114
3/13/2023,123.77
3/22/2023,116.36
3/27/2023,117.2
4/3/2023,116.55
4/10/2023,77.4431453
4/12/2023,83.45
4/14/2023,72.55579845
4/15/2023,74.06932259
4/16/2023,81.12
4/17/2023,74.75665586
4/18/2023,92.4063111
4/19/2023,97.13941636
4/20/2023,96.3314448
4/23/2023,88.34877213
4/25/2023,92.77935811
4/26/2023,81.8
5/1/2023,81.75
5/8/2023,93.84
5/16/2023,125.04
5/23/2023,115.75
5/30/2023,140.48
6/5/2023,126.26
6/10/2023,114.0819715
6/12/2023,130
6/13/2023,119.283887
6/14/2023,116.7088765
6/17/2023,92.97678913
6/18/2023,115.6013029
6/21/2023,119.81
6/24/2023,129.6111851
6/26/2023,132.62
6/27/2023,128.2572375
6/28/2023,78.60101686
6/29/2023,86.92790044
7/2/2023,108.1860351
7/4/2023,87.28472901
7/5/2023,100.57
7/7/2023,89.55710439
7/9/2023,71.26514802
7/10/2023,67.77358253
7/13/2023,91.55
7/16/2023,54.59867525
7/17/2023,96.62
7/18/2023,101.0067321
7/21/2023,59.70950558
7/22/2023,99.16444857
8/1/2023,112.16
8/7/2023,129
8/15/2023,133.25
8/18/2023,126.5789974
8/21/2023,115.48
8/28/2023,135.32
9/5/2023,130.81
9/12/2023,139.07
9/26/2023,154.47
10/4/2023,150.56
10/6/2023,88.01420468
10/10/2023,138.01
10/24/2023,126.68
11/8/2023,129.58
11/21/2023,117.28
12/6/2023,123.47
12/17/2023,114.76
1/2/2024,96.01
1/17/2024,114
1/30/2024,125.107939
2/21/2024,160.1919953
2/26/2024,111.995
3/12/2024,96.52
3/27/2024,90.67
4/1/2024,169.781563
4/10/2024,85.03
4/16/2024,114.076723
5/7/2024,64.21521
5/16/2024,159.7468142
5/29/2024,23.213551
6/4/2024,209.562414
6/12/2024,122.47
6/14/2024,137.929143
6/17/2024,134.8
7/3/2024,129.9374205
7/9/2024,140.82
7/16/2024,123.58
7/29/2024,134.7887527
7/30/2024,138.6512223
8/6/2024,138.4
8/9/2024,111.5517247
8/22/2024,136.97
9/4/2024,153.16
9/18/2024,162.75
10/31/2024,125.8306495
